Date,MIN,MAX,Modal
01-01-2011,NO TRANSACTIONS DUE TO SATURDAY,,
02-01-2011,NO TRANSACTIONS DUE TO SUNDAY,,
03-01-2011,7000/-,8400/-,7500/-
04-01-2011,7000/-,8500/-,6200/-
05-01-2011,6600/-,7500/-,7000/-
06-01-2011,6600/-,7500/-,7000/-
07-01-2011,6600/-,7500/-,7000/-
08-01-2011,NO TRANSACTIONS DUE TO SATURDAY,,
09-01-2011,NO TRANSACTIONS DUE TO SUNDAY,,
10-01-2011,6000/-,8000/-,7500/-
11-01-2011,6000/-,8000/-,7500/-
12-01-2011,6000/-,7800/-,7400/-
13-01-2011,6000/-,7800/-,7400/-
14-01-2011,NO TRANSACTIONS DUE TO BHOGI,,
15-01-2011,NO TRANSACTIONS DUE TO SANKRANTHI,,
16-01-2011,NO TRANSACTIONS DUE TO SUNDAY,,
17-01-2011,6000/-,7300/-,7000/-
18-01-2011,6000/-,7300/-,7000/-
19-01-2011,6500/-,7500/-,7200/-
20-01-2011,7000/-,8000/-,7600/-
21-01-2011,7100/-,8100/-,8600/-
22-01-2011,NO TRANSACTIONS DUE TO SATURDAY,,
23-01-2011,NO TRANSACTIONS DUE TO SUNDAY,,
24-01-2011,7000/-,8000/-,7500/-
25-01-2011,7000/-,8000/-,7400/-
26-01-2011,NO TRANSACTIONS DUE TO REPUBLIC DAY,,
27-01-2011,7600/-,8400/-,8000/-
28-01-2011,7000/-,8100/-,7500/-
29-01-2011,NO TRANSACTIONS DUE TO SATURDAY,,
30-01-2011,NO TRANSACTIONS DUE TO SUNDAY,,
31-01-2011,6000/-,8300/-,7800/-
01-02-2011,7000/-,8300/-,8000/-
02-02-2011,7000/-,8600/-,8000/-
03-02-2011,7500/-,8600/-,8000/-
04-02-2011,7500/-,8600/-,8200/-
05-02-2011,NO TRANSACTIONS DUE TO SATURDAY,,
06-02-2011,NO TRANSACTIONS DUE TO SUNDAY,,
07-02-2011,7500/-,9000/-,8500/-
08-02-2011,8000/-,9300/-,9000/-
09-02-2011,8000/-,9800/-,9500/-
10-02-2011,8000/-,10300/-,9500/-
11-02-2011,7000/-,9200/-,8500/-
12-02-2011,NO TRANSACTIONS DUE TO SATURDAY,,
13-02-2011,NO TRANSACTIONS DUE TO SUNDAY,,
14-02-2011,7000/-,9000/-,8500/-
15-02-2011,NO TRANSACTIONS DUE TO STRIKE CALL FOR THE COMMISSION AGENTS SHOPS CLERKS,,
16-02-2011,7000/-,9200/-,8800/-
17-02-2011,7500/-,8800/-,8500/-
18-02-2011,7500/-,8800/-,8500/-
19-02-2011,NO TRANSACTIONS DUE TO SATURDAY,,
20-02-2011,NO TRANSACTIONS DUE TO SUNDAY,,
21-02-2011,7500/-,8800/-,8500/-
22-02-2011,7500/-,9100/-,8500/-
23-02-2011,8000/-,9200/-,9000/-
24-02-2011,7000/-,9200/-,8900/-
25-02-2011,7000/-,9200,8900/-
26-02-2011,NO TRANSACTIONS DUE TO SATURDAY,,
27-02-2011,NO TRANSACTIONS DUE TO SUNDAY,,
28-02-2011,8000/-,9200/-,8700/-
01-03-2011,7500/-,9000/-,8500/-
02-03-2011,NO TRANSACTIONS DUE TO SIVARATHRI,,
03-03-2011,8000/-,8800/-,8400/-
04-03-2011,7500/-,8600/-,8600/-
05-03-2011,NO TRANSACTIONS DUE TO SATURDAY,,
06-03-2011,NO TRANSACTIONS DUE TO SUNDAY,,
07-03-2011,7500/-,8800/-,8500/-
08-03-2011,7500/-,8800/-,8500/-
09-03-2011,7400/-,8800/-,8000/-
10-03-2011,7500/-,8600/-,8200/-
11-03-2011,8000/-,8600/-,8200/-
12-03-2011,NO TRANSACTIONS DUE TO SATURDAY,,
13-03-2011,NO TRANSACTIONS DUE TO SUNDAY,,
14-03-2011,7500/-,8600/-,8200/-
15-03-2011,7500/-,8600/-,8000/-
16-03-2011,7500/-,8600/-,8500/-
17-03-2011,7500/-,8600/-,8200/-
18-03-2011,7500/-,8600/-,8200/-
19-03-2011,NO TRANSACTIONS DUE TO SATURDAY,,
20-03-2011,NO TRANSACTIONS DUE TO SUNDAY,,
21-03-2011,7500/-,8600/-,8000/-
22-03-2011,7500/-,8600/-,8000/-
23-03-2011,7500/-,8700/-,8600/-
24-03-2011,7500/-,8500/-,8000/-
25-03-2011,7500/-,8500/-,8300/-
26-03-2011,NO TRANSACTIONS DUE TO SATURDAY,,
27-03-2011,NO TRANSACTIONS DUE TO SUNDAY,,
28-03-2011,7000/-,8300/-,8200/-
29-03-2011,7500/-,8400/-,8000/-
30-03-2011,,,
31-03-2011,,,
01-04-2011,7000/-,8400/-,8000/-
02-04-2011,8000/-,8400/-,8200/-
03-04-2011,NO TRANSACTIONS DUE TO SUNDAY,,
04-04-2011,NO TRANSACTIONS DUE TO UDAGI,,
05-04-2011,NO TRANSACTIONS DUE TO JAGJEEVANRAM JAYANTHI,,
06-04-2011,7500/-,8600/-,8200/-
07-04-2011,8000/-,8700/-,8500/-
08-04-2011,7500/-,8600/-,8000/-
09-04-2011,NO TRANSACTIONS DUE TO SATURDAY,,
10-04-2011,NO TRANSACTIONS DUE TO SUNDAY,,
11-04-2011,8000/-,9000/-,8500/-
12-04-2011,NO TRANSACTIONS DUE TO SRI RAMANAVAMI,,
13-04-2011,8000/-,9500/-,9300/-
14-04-2011,NO TRANSACTIONS DUE TO AMBETHKAR JAYANTHI,,
15-04-2011,8000/-,9300/-,8800/-
16-04-2011,NO TRANSACTIONS DUE TO SATURDAY,,
17-04-2011,NO TRANSACTIONS DUE TO SUNDAY,,
18-04-2011,7000/-,9000/-,8600/-
19-04-2011,8000/-,9200/-,9000/-
20-04-2011,7000/-,9300/-,9000/-
21-04-2011,9000/-,9500/-,9300/-
22-04-2011,NO TRANSACTIONS DUE TO GOOD FRIDAY,,
23-04-2011,NO TRANSACTIONS DUE TO SATURDAY,,
24-04-2011,NO TRANSACTIONS DUE TO SUNDAY,,
25-04-2011,8000/-,9500/-,9000/-
26-04-2011,8000/-,9500/-,9300/-
27-04-2011,8000/-,9500/-,9300/-
28-04-2011,8000/-,9200/-,8700/-
29-04-2011,8000/-,9200/-,9000/-
30-04-2011,NO TRANSACTIONS DUE TO SATURDAY,,
01-05-2011,NO TRANSACTIONS DUE TO SUNDAY,,
02-05-2011,8000/-,8800/-,8500/-
03-05-2011,8000/-,8600/-,8000/-
04-05-2011,8000/-,8900/-,8500/-
05-05-2011,8000/-,8900/-,8700/-
06-05-2011,7500/-,8800/-,8600/-
07-05-2011,NO TRANSACTIONS DUE TO SATURDAY,,
08-05-2011,NO TRANSACTIONS DUE TO SUNDAY,,
09-05-2011,7500/-,8800/-,8600/-
10-05-2011,7000/-,8600/-,8000/-
11-05-2011,7500/-,8800/-,8500/-
12-05-2011,7500/-,8800/-,8500/-
13-05-2011,7500/-,8300/-,7800/-
14-05-2011,NO TRANSACTIONS DUE TO SATURDAY,,
15-05-2011,NO TRANSACTIONS DUE TO SUNDAY,,
16-05-2011,Summar Holidays from 16-5-2011 to 05-06-2011,,
17-05-2011,Summar Holidays from 16-5-2011 to 05-06-2012,,
18-05-2011,Summar Holidays from 16-5-2011 to 05-06-2013,,
19-05-2011,Summar Holidays from 16-5-2011 to 05-06-2014,,
20-05-2011,Summar Holidays from 16-5-2011 to 05-06-2015,,
21-05-2011,Summar Holidays from 16-5-2011 to 05-06-2016,,
22-05-2011,Summar Holidays from 16-5-2011 to 05-06-2017,,
23-05-2011,Summar Holidays from 16-5-2011 to 05-06-2018,,
24-05-2011,Summar Holidays from 16-5-2011 to 05-06-2019,,
25-05-2011,Summar Holidays from 16-5-2011 to 05-06-2020,,
26-05-2011,Summar Holidays from 16-5-2011 to 05-06-2021,,
27-05-2011,Summar Holidays from 16-5-2011 to 05-06-2022,,
28-05-2011,Summar Holidays from 16-5-2011 to 05-06-2023,,
29-05-2011,Summar Holidays from 16-5-2011 to 05-06-2024,,
30-05-2011,Summar Holidays from 16-5-2011 to 05-06-2025,,
01-06-2011,Summar Holidays from 16-5-2011 to 05-06-2026,,
02-06-1900,Summar Holidays from 16-5-2011 to 05-06-2027,,
03-06-2011,Summar Holidays from 16-5-2011 to 05-06-2028,,
04-06-2011,Summar Holidays from 16-5-2011 to 05-06-2029,,
05-06-2011,Summar Holidays from 16-5-2011 to 05-06-2030,,
06-06-2011,6000/-,9000/-,8000/-
07-06-2011,6000/-,9000/-,8000/-
08-06-2011,5000/-,9000/-,8500/-
09-06-2011,6000/-,8800/-,8700/-
10-06-2011,6000/-,8700/-,7500/-
11-06-2011,NO TRANSACTIONS DUE TO SATURDAY,,
12-06-2011,NO TRANSACTIONS DUE TO SUNDAY,,
13-06-2011,6000/-,8700/-,7500/-
14-06-2011,6000/-,8800/-,8700/-
15-06-2011,6000/-,8800/-,8700/-
16-06-2011,6000/-,9200/-,9000/-
17-06-2011,6000/-,9200/-,9000/-
18-06-2011,NO TRANSACTIONS DUE TO SATURDAY,,
19-06-2011,NO TRANSACTIONS DUE TO SUNDAY,,
20-06-2011,6000/-,9200/-,9000/-
21-06-2011,6000/-,9200/-,9000/-
22-06-2011,6000/-,9200/-,9000/-
23-06-2011,6000/-,9200/-,9000/-
24-06-2011,6000/-,9200/-,9000/-
25-06-2011,NO TRANSACTIONS DUE TO SATURDAY,,
26-06-2011,NO TRANSACTIONS DUE TO SUNDAY,,
27-06-2011,6000/-,9200/-,9000/-
28-06-2011,6000/-,9300/-,9000/-
29-06-2011,6000/-,9200/-,9000/-
30-06-2011,6000/-,9200/-,9000/-
01-07-2011,6000/-,9200/-,9000/-
02-07-2011,NO TRANSACTIONS DUE TO SATURDAY,,
03-07-2011,NO TRANSACTIONS DUE TO SUNDAY,,
04-07-2011,6000/-,9200/-,9000/-
05-07-2011,6000/-,9200/-,9000/-
06-07-2011,6000/-,9500/-,9200/-
07-07-2011,6000/-,9200/-,9000/-
08-07-2011,6000/-,9200/-,9000/-
09-07-2011,NO TRANSACTIONS DUE TO SATURDAY,,
10-07-2011,NO TRANSACTIONS DUE TO SUNDAY,,
11-07-2011,6000/-,9400/-,9000/-
12-07-2011,6000/-,9300/-,9000/-
13-07-2011,6000/-,9400/-,9200/-
14-07-2011,6000/-,9200/-,9000/-
15-07-2011,6000/-,9200/-,9000/-
16-07-2011,NO TRANSACTIONS DUE TO SATURDAY,,
17-07-2011,NO TRANSACTIONS DUE TO SUNDAY,,
18-07-2011,6000/-,9200/-,9000/-
19-07-2011,6000/-,9500/-,9300/-
20-07-2011,6000/-,9400/-,9300/-
21-07-2011,6000/-,9400/-,9300/-
22-07-2011,6000/-,9300/-,9300/-
23-07-2011,NO TRANSACTIONS DUE TO SATURDAY,,
24-07-2011,NO TRANSACTIONS DUE TO SUNDAY,,
25-07-2011,6000,10000,9500
26-07-2011,6000,10000,9500
27-07-2011,6000,10000,9500
28-07-2011,6000,9500,9200
29-07-2011,6000,9500,9300
30-07-2011,NO TRANSACTIONS DUE TO SATURDAY,,
31-07-2011,NO TRANSACTIONS DUE TO SUNDAY,,
01-08-2011,6000,9600,9400
02-08-2011,6000,9600,9400
03-08-2011,6000,9500,9200
04-08-2011,6000,9500,9200
05-08-2011,6000,9500,9200
06-08-2011,NO TRANSACTIONS DUE TO SATURDAY,,
07-08-2011,NO TRANSACTIONS DUE TO SUNDAY,,
08-08-2011,5000,9500,9200
09-08-2011,5000,9500,8800
10-08-2011,5000,9400,9200
11-08-2011,6000,9400,9200
12-08-2011,5000,9500,9200
13-08-2011,NO TRANSACTIONS DUE TO SATURDAY,,
14-08-2011,NO TRANSACTIONS DUE TO SUNDAY,,
15-08-2011,NO TRANSACTIONS DUE TO INDEPENDENCE DAY,,
16-08-2011,5000,9400,9200
17-08-2011,5000,9400,9200
18-08-2011,5000,9400,9200
19-08-2011,6000,9200,9100
20-08-2011,NO TRANSACTIONS DUE TO SATURDAY,,
21-08-2011,NO TRANSACTIONS DUE TO SUNDAY,,
22-08-2011,6000,9400,9200
23-08-2011,NO TRANSACTIONS DUE TO KRISHNASTAMI,,
24-08-2011,6000,9500,9200
25-08-2011,6000,9500,9200
26-08-2011,6000,9500,9200
27-08-2011,NO TRANSACTIONS DUE TO SATURDAY,,
28-08-2011,NO TRANSACTIONS DUE TO SUNDAY,,
29-08-2011,6000,9500,9200
30-08-2011,6000,9500,9300
31-08-2011,NO TRANSACTIONS DUE TO RAMJAN,,
01-09-2011,NO TRANSACTIONS DUE TO VINAYAKA CHATHURDHI,,
02-09-2011,6000,9300,9200
03-09-2011,NO TRANSACTIONS DUE TO SATURDAY,,
04-09-2011,NO TRANSACTIONS DUE TO SUNDAY,,
05-09-2011,6000,9400,9200
06-09-2011,6000,9400,9200
07-09-2011,6000,9600,9300
08-09-2011,6000,9400,9200
09-09-2011,6000,9400,9200
10-09-2011,NO TRANSACTIONS DUE TO SATURDAY,,
11-09-2011,NO TRANSACTIONS DUE TO SUNDAY,,
12-09-2011,6000,9500,9200
13-09-2011,6000,9500,9300
14-09-2011,6000,9400,9200
15-09-2011,6000,9400,9400
16-09-2011,6000,9500,9200
17-09-2011,NO TRANSACTIONS DUE TO SATURDAY,,
18-09-2011,NO TRANSACTIONS DUE TO SUNDAY,,
19-09-2011,6000,9400,9200
20-09-2011,6000,9400,9200
21-09-2011,6000,9400,9200
22-09-2011,NO TRANSACTIONS DUE TO BUND ON VAT,,
23-09-2011,6000,9400,9200
24-09-2011,NO TRANSACTIONS DUE TO SATURDAY,,
25-09-2011,NO TRANSACTIONS DUE TO SUNDAY,,
26-09-2011,6000,9400,9200
27-09-2011,6000,9600,9400
28-09-2011,6000,9500,9200
29-09-2011,6000,9400,9200
30-09-2011,6000,9400,9200
01-10-2011,NO TRANSACTIONS DUE TO SATURDAY,,
02-10-2011,NO TRANSACTIONS DUE TO SUNDAY,,
03-10-2011,6000,9400,9200
04-10-2011,NO TRANSACTIONS DUE TO DURGASTAMI,,
05-10-2011,NO TRANSACTIONS DUE TO DASARA HOLIDAYS,,
06-10-2011,NO TRANSACTIONS DUE TO DASARA HOLIDAYS,,
07-10-2011,NO TRANSACTIONS DUE TO DASARA HOLIDAYS,,
08-10-2011,NO TRANSACTIONS DUE TO SATURDAY,,
09-10-2011,NO TRANSACTIONS DUE TO SUNDAY,,
10-10-2011,6500,9400,9200
11-10-2011,6000,9400,9200
12-10-2011,6000,9400,9200
13-10-2011,6000,9400,9200
14-10-2011,6000,9400,9200
15-10-2011,NO TRANSACTIONS DUE TO SATURDAY,,
16-10-2011,NO TRANSACTIONS DUE TO SUNDAY,,
17-10-2011,6000,9400,9200
18-10-2011,6000,9400,9200
19-10-2011,6000,9300,9100
20-10-2011,6000,9300,9100
21-10-2011,6000,9300,9100
22-10-2011,NO TRANSACTIONS DUE TO SATURDAY,,
23-10-2011,NO TRANSACTIONS DUE TO SUNDAY,,
24-10-2011,6000,9400,9100
25-10-2011,6000,9300,9100
26-10-2011,NO TRANSACTIONS DUE TO DEWALI,,
27-10-2011,6000,9300,9100
28-10-2011,6000,9300,9100
29-10-2011,NO TRANSACTIONS DUE TO SATURDAY,,
30-10-2011,NO TRANSACTIONS DUE TO SUNDAY,,
31-10-2011,6000,9300,9100
01-11-2011,6000,9300,9100
02-11-2011,6000,9200,9000
03-11-2011,6000,9200,9000
04-11-2011,6000,9000,8800
05-11-2011,NO TRANSACTIONS DUE TO SATURDAY,,
06-11-2011,NO TRANSACTIONS DUE TO SUNDAY,,
07-11-2011,NO TRANSACTIONS DUE TO BAKRIDH,,
08-11-2011,6000,9000,8500
09-11-2011,6000,8500,8200
10-11-2011,6000,8300,8000
11-11-2011,6000,8500,8000
12-11-2011,NO TRANSACTIONS DUE TO SATURDAY,,
13-11-2011,NO TRANSACTIONS DUE TO SUNDAY,,
14-11-2011,6000,8000,7800
15-11-2011,5500,8000,7600
16-11-2011,5500,8000,7600
17-11-2011,5500,7600,7400
18-11-2011,5500,7600,7400
19-11-2011,NO TRANSACTIONS DUE TO SATURDAY,,
20-11-2011,NO TRANSACTIONS DUE TO SUNDAY,,
21-11-2011,5500,7600,7500
22-11-2011,5500,7600,7500
23-11-2011,6000,7500,7000
24-11-2011,5500,7600,7500
25-11-2011,5500,7600,7500
26-11-2011,NO TRANSACTIONS DUE TO SATURDAY,,
27-11-2011,NO TRANSACTIONS DUE TO SUNDAY,,
28-11-2011,5000,7200,7000
29-11-2011,5500,7200,7000
30-11-2011,4500,7100,7000
01-12-2011,NO TRANSACTIONS DUE TO COMMISSION AGENTS BUNDH,,
02-12-2011,5500,7200,7000
03-12-2011,NO TRANSACTIONS DUE TO SATURDAY,,
04-12-2011,NO TRANSACTIONS DUE TO SUNDAY,,
05-12-2011,5000,7500,7000
06-12-2011,NO TRANSACTIONS DUE TO MOHARAM,,
07-12-2011,5500,6800,6400
08-12-2011,5500,7100,6600
09-12-2011,5500,7000,6400
10-12-2011,NO TRANSACTIONS DUE TO SATURDAY,,
11-12-2011,NO TRANSACTIONS DUE TO SUNDAY,,
12-12-2011,5500,7300,6500
13-12-2011,5000,7300,6900
14-12-2011,5500,7500,7200
15-12-2011,6000,7500,7500
16-12-2011,5000,7800,7500
17-12-2011,NO TRANSACTIONS DUE TO SATURDAY,,
18-12-2011,NO TRANSACTIONS DUE TO SUNDAY,,
19-12-2011,6000,8200,8000
20-12-2011,6000,8200,8000
21-12-2011,6000,8200,8000
22-12-2011,5000,7800,7200
23-12-2011,5000,7500,7200
24-12-2011,NO TRANSACTIONS DUE TO SATURDAY,,
25-12-2011,NO TRANSACTIONS DUE TO SUNDAY,,
26-12-2011,5000,7500,7200
27-12-2011,5000,7500,7200
28-12-2011,5000,7500,7200
29-12-2011,5000,7800,7200
30-12-2011,5500,7800,7000
31-12-2011,NO TRANSACTIONS DUE TO SATURDAY,,
01-01-2012,NO TRANSACTIONS DUE TO SUNDAY,,
02-01-2012,5000,7800,7500
03-01-2012,5500,7800,7500
04-01-2012,5500,7600,7000
05-01-2012,5500,7700,7500
06-01-2012,5500,7700,7300
07-01-2012,NO TRANSACTIONS DUE TO SATURDAY,,
08-01-2012,NO TRANSACTIONS DUE TO SUNDAY,,
09-01-2012,4500,6800,6500
10-01-2012,5500,7000,6800
11-01-2012,5000,7000,6500
12-01-2012,5000,7300,6800
13-01-2012,5000,7000,6800
14-01-2012,NO TRANSACTIONS DUE TO SATURDAY & BOGI,,
15-01-2012,NO TRANSACTIONS DUE TO SUNDAY & SANKRANTHI,,
16-01-2012,NO TRANSACTIONS DUE TO KANUMA,,
17-01-2012,4500,6800,6600
18-01-2012,4500,6800,6600
19-01-2012,4500,7000,6800
20-01-2012,4500,7000,6800
21-01-2012,NO TRANSACTIONS DUE TO SATURDAY,,
22-01-2012,NO TRANSACTIONS DUE TO SUNDAY,,
23-01-2012,4500,7100,6800
24-01-2012,4500,7100,6800
25-01-2012,4500,7000,6500
26-01-2012,NO TRANSACTIONS DUE TO REPUBLIC DAY,,
27-01-2012,5000,6800,6500
28-01-2012,NO TRANSACTIONS DUE TO SATURDAY,,
29-01-2012,NO TRANSACTIONS DUE TO SUNDAY,,
30-01-2012,5000,6800,6700
31-01-2012,5000,6700,6500
01-02-2012,5000,6500,6300
02-02-2012,5000,6500,6300
03-02-2012,5000,6500,6200
04-02-2012,NO TRANSACTIONS DUE TO SATURDAY,,
05-02-2012,NO TRANSACTIONS DUE TO SUNDAY,,
06-02-2012,5000,6400,6200
07-02-2012,5000,6300,6000
08-02-2012,5000,6200,6000
09-02-2012,5000,6000,5800
10-02-2012,4500,5800,5500
11-02-2012,NO TRANSACTIONS DUE TO SATURDAY,,
12-02-2012,NO TRANSACTIONS DUE TO SUNDAY,,
13-02-2012,4000,5500,5200
14-02-2012,4000,5600,5400
15-02-2012,4000,5700,5400
16-02-2012,4000,5600,5400
17-02-2012,4000,5700,5500
18-02-2012,NO TRANSACTIONS DUE TO SATURDAY,,
19-02-2012,NO TRANSACTIONS DUE TO SUNDAY,,
20-02-2012,NO TRANSACTIONS DUE TO MAHASIVA RATHRI,,
21-02-2012,4000,5700,5500
22-02-2012,4000,5700,5500
23-02-2012,4000,5700,5500
24-02-2012,4000,5800,5600
25-02-2012,NO TRANSACTIONS DUE TO SATURDAY,,
26-02-2012,NO TRANSACTIONS DUE TO SUNDAY,,
27-02-2012,4000,5900,5600
28-02-2012,4000,5900,5600
29-02-2012,4000,6000,5800
01-03-2012,4000,6200,6000
02-03-2012,NO TRANSACTIONS DUE TO CLEARENCE OF STOCK,,
03-03-2012,NO TRANSACTIONS DUE TO SATURDAY,,
04-03-2012,NO TRANSACTIONS DUE TO SUNDAY,,
05-03-2012,4000,6000,5800
06-03-2012,4000,6000,5800
07-03-2012,4000,6300,6000
08-03-2012,NO TRANSACTIONS DUE TO HOLI,,
09-03-2012,4000,6300,6000
10-03-2012,NO TRANSACTIONS DUE TO SATURDAY,,
11-03-2012,NO TRANSACTIONS DUE TO SUNDAY,,
12-03-2012,4000,6300,5800
13-03-2012,4000,6200,5800
14-03-2012,4000,6200,5800
15-03-2012,4000,6000,5400
16-03-2012,4000,5600,5000
17-03-2012,NO TRANSACTIONS DUE TO SATURDAY,,
18-03-2012,NO TRANSACTIONS DUE TO SUNDAY,,
19-03-2012,4000,6000,5800
20-03-2012,4000,6100,5800
21-03-2012,5000,6000,5500
22-03-2012,5000,6000,5800
23-03-2012,NO TRANSACTIONS DUE TO UGADI,,
24-03-2012,NO TRANSACTIONS DUE TO SATURDAY,,
25-03-2012,NO TRANSACTIONS DUE TO SUNDAY,,
26-03-2012,5000,6000,5800
27-03-2012,4000,6000,5800
28-03-2012,4000,6000,5800
29-03-2012,4000,6000,5800
30-03-2012,NO TRANSACTIONS DUE TO YEAR ENDING,,
31-03-2012,NO TRANSACTIONS DUE TO SATURDAY,,
01-04-2012,NO TRANSACTIONS DUE TO SUNDAY,,
02-04-2012,4000,6100,5900
03-04-2012,4000,6100,5900
04-04-2012,NO TRANSACTIONS DUE TO MAHAVEER JAYANTHI,,
05-04-2012,4000,6000,5800
06-04-2012,NO TRANSACTIONS DUE TO GOOD FRIDAY,,
07-04-2012,NO TRANSACTIONS DUE TO SATURDAY,,
08-04-2012,NO TRANSACTIONS DUE TO SUNDAY,,
09-04-2012,4000,5900,5700
10-04-2012,4000,5100,4900
11-04-2012,NO TRANSACTIONS DUE TO HEAVY ARRIVALS,,
12-04-2012,4000,5900,5700
13-04-2012,4000,5800,5600
14-04-2012,NO TRANSACTIONS DUE TO SATURDAY,,
15-04-2012,NO TRANSACTIONS DUE TO SUNDAY,,
16-04-2012,4000,5800,5600
17-04-2012,4000,5700,5500
18-04-2012,NO TRANSACTIONS DUE TO HEAVY ARRIVALS,,
19-04-2012,3500,6000,5800
20-04-2012,3500,5800,5600
21-04-2012,NO TRANSACTIONS DUE TO SATURDAY,,
22-04-2012,NO TRANSACTIONS DUE TO SUNDAY,,
23-04-2012,3000,5900,5700
24-04-2012,3000,5800,5600
25-04-2012,NO TRANSACTIONS DUE TO HEAVY ARRIVALS,,
26-04-2012,3000,6200,5800
27-04-2012,3000,5800,5500
28-04-2012,NO TRANSACTIONS DUE TO SATURDAY,,
29-04-2012,NO TRANSACTIONS DUE TO SUNDAY,,
30-04-2012,3000,5900,5500
01-05-2012,NO TRANSACTIONS DUE TO MAY DAY,,
02-05-2012,3000,6500,6000
03-05-2012,3000,6000,5500
04-05-2012,3000,6200,5700
05-05-2012,3000,6200,5700
06-05-2012,NO TRANSACTION DUE TO YARD HOLIDAYS,,
07-05-2012,NO TRANSACTION DUE TO YARD HOLIDAYS,,
08-05-2012,NO TRANSACTION DUE TO YARD HOLIDAYS,,
09-05-2012,NO TRANSACTION DUE TO YARD HOLIDAYS,,
10-05-2012,NO TRANSACTION DUE TO YARD HOLIDAYS,,
11-05-2012,NO TRANSACTION DUE TO YARD HOLIDAYS,,
12-05-2012,NO TRANSACTION DUE TO YARD HOLIDAYS,,
13-05-2012,NO TRANSACTION DUE TO YARD HOLIDAYS,,
14-05-2012,NO TRANSACTION DUE TO YARD HOLIDAYS,,
15-05-2012,NO TRANSACTION DUE TO YARD HOLIDAYS,,
16-05-2012,NO TRANSACTION DUE TO YARD HOLIDAYS,,
17-05-2012,NO TRANSACTION DUE TO YARD HOLIDAYS,,
18-05-2012,NO TRANSACTION DUE TO YARD HOLIDAYS,,
19-05-2012,NO TRANSACTION DUE TO YARD HOLIDAYS,,
20-05-2012,NO TRANSACTION DUE TO YARD HOLIDAYS,,
21-05-2012,NO TRANSACTION DUE TO YARD HOLIDAYS,,
22-05-2012,NO TRANSACTION DUE TO YARD HOLIDAYS,,
23-05-2012,NO TRANSACTION DUE TO YARD HOLIDAYS,,
24-05-2012,NO TRANSACTION DUE TO YARD HOLIDAYS,,
25-05-2012,NO TRANSACTION DUE TO YARD HOLIDAYS,,
26-05-2012,NO TRANSACTION DUE TO YARD HOLIDAYS,,
27-05-2012,NO TRANSACTION DUE TO YARD HOLIDAYS,,
28-05-2012,NO TRANSACTION DUE TO YARD HOLIDAYS,,
29-05-2012,NO TRANSACTION DUE TO YARD HOLIDAYS,,
30-05-2012,NO TRANSACTION DUE TO YARD HOLIDAYS,,
31-05-2012,NO TRANSACTION DUE TO YARD HOLIDAYS,,
01-06-2012,NO TRANSACTION DUE TO YARD HOLIDAYS,,
02-06-2012,NO TRANSACTION DUE TO YARD HOLIDAYS,,
03-06-2012,NO TRANSACTION DUE TO YARD HOLIDAYS,,
04-06-2012,NO TRANSACTION DUE TO YARD HOLIDAYS,,
05-06-2012,NO TRANSACTION DUE TO YARD HOLIDAYS,,
06-06-2012,NO TRANSACTION DUE TO YARD HOLIDAYS,,
07-06-2012,NO TRANSACTION DUE TO YARD HOLIDAYS,,
08-06-2012,NO TRANSACTION DUE TO YARD HOLIDAYS,,
09-06-2012,NO TRANSACTION DUE TO YARD HOLIDAYS,,
10-06-2012,NO TRANSACTION DUE TO YARD HOLIDAYS,,
11-06-2012,4500,6800,6500
12-06-2012,3000,6800,6600
13-06-2012,3000,7000,6600
14-06-2012,3000,7000,6600
15-06-2012,3000,7100,6700
16-06-2012,NO TRANSACTIONS DUE TO SATURDAY,,
17-06-2012,NO TRANSACTIONS DUE TO SUNDAY,,
18-06-2012,3000,6800,6400
19-06-2012,3000,6900,6500
20-06-2012,3000,6700,6300
21-06-2012,4000,6800,6500
22-06-2012,4000,6700,6300
23-06-2012,NO TRANSACTIONS DUE TO SATURDAY,,
24-06-2012,NO TRANSACTIONS DUE TO SUNDAY,,
25-06-2012,4000,6700,6300
26-06-2012,4000,6700,6300
27-06-2012,4000,7000,6600
28-06-2012,4000,7000,6600
29-06-2012,4000,7000,6600
30-06-2012,NO TRANSACTIONS DUE TO SATURDAY,,
01-07-2012,NO TRANSACTIONS DUE TO SUNDAY,,
02-07-2012,4000,7000,6600
03-07-2012,3000,7000,6700
04-07-2012,3000,7000,6700
05-07-2012,3000,7000,6700
06-07-2012,3000,7200,6900
07-07-2012,NO TRANSACTIONS DUE TO SATURDAY,,
08-07-2012,NO TRANSACTIONS DUE TO SUNDAY,,
09-07-2012,3000,7200,6800
10-07-2012,3000,7300,7000
11-07-2012,3000,7200,6900
12-07-2012,NO TRANSACTIONS DUE TO YARD HOLIDAY,,
13-07-2012,NO TRANSACTIONS DUE TO YARD HOLIDAY,,
14-07-2012,NO TRANSACTIONS DUE TO SATURDAY,,
15-07-2012,NO TRANSACTIONS DUE TO SUNDAY,,
16-07-2012,2500,7300,6900
17-07-2012,2500,7300,6900
18-07-2012,2500,7200,6800
19-07-2012,2500,7300,6900
20-07-2012,2500,7300,6900
21-07-2012,NO TRANSACTIONS DUE TO SATURDAY,,
22-07-2012,NO TRANSACTIONS DUE TO SUNDAY,,
23-07-2012,2500,7400,7000
24-07-2012,3000,7400,7000
25-07-2012,2500,7500,7100
26-07-2012,2500,8100,7700
27-07-2012,2500,8000,7600
28-07-2012,NO TRANSACTIONS DUE TO SATURDAY,,
29-07-2012,NO TRANSACTIONS DUE TO SUNDAY,,
30-07-2012,3000,7800,7400
31-07-2012,3000,7800,7500
01-08-2012,3000,8000,7600
02-08-2012,3000,8000,7700
03-08-2012,3000,8000,7500
04-08-2012,NO TRANSACTIONS DUE TO SATURDAY,,
05-08-2012,NO TRANSACTIONS DUE TO SUNDAY,,
06-08-2012,3000,8000,7600
07-08-2012,4500,8000,7600
08-08-2012,4500,7700,7300
09-08-2012,3000,7700,7400
10-08-2012,NO TRANSACTIONS DUE TO KRISHNASTHAMI,,
11-08-2012,NO TRANSACTIONS DUE TO SATURDAY,,
12-08-2012,NO TRANSACTIONS DUE TO SUNDAY,,
13-08-2012,3000,7700,7400
14-08-2012,3000,7500,7200
15-08-2012,NO TRANSACTIONS DUE TO INDEPENDENCE DAY,,
16-08-2012,4000,7400,7100
17-08-2012,4000,7500,7100
18-08-2012,NO TRANSACTIONS DUE TO SATURDAY,,
19-08-2012,NO TRANSACTIONS DUE TO SUNDAY,,
20-08-2012,NO TRANSACTIONS DUE TO RAMJAN,,
21-08-2012,4000,7500,7100
22-08-2012,3000,7400,7100
23-08-2012,3000,7600,7300
24-08-2012,3500,7800,7500
25-08-2012,NO TRANSACTIONS DUE TO SATURDAY,,
26-08-2012,NO TRANSACTIONS DUE TO SUNDAY,,
27-08-2012,3500,8000,7600
28-08-2012,3000,7800,7500
29-08-2012,3500,7800,7400
30-08-2012,4000,7800,7400
31-08-2012,NO TRANSACTIONS DUE TO BUNDH,,
01-09-2012,3500,7700,7400
02-09-2012,NO TRANSACTIONS DUE TO GANDHI JAYANTHI,,
03-09-2012,3500,7600,7200
04-09-2012,3500,7500,7200
05-09-2012,4000,7600,7300
06-09-2012,4000,7500,7200
07-09-2012,3500,7600,7300
08-09-2012,NO TRANSACTIONS DUE TO SATURDAY,,
09-09-2012,NO TRANSACTIONS DUE TO SUNDAY,,
10-09-2012,4000,7500,7100
11-09-2012,4000,7600,7200
12-09-2012,4000,7600,7200
13-09-2012,3500,7600,7300
14-09-2012,3500,7500,7300
15-09-2012,NO TRANSACTIONS DUE TO SATURDAY,,
16-09-2012,NO TRANSACTIONS DUE TO SUNDAY,,
17-09-2012,3500,7700,7400
18-09-2012,3000,7700,7400
19-09-2012,NO TRANSACTIONS DUE TO VINAYAKA CHAVITHI,,
20-09-2012,NO TRANSACTIONS DUE TO BUNDH,,
21-09-2012,3000,7600,7200
22-09-2012,NO TRANSACTIONS DUE TO SATURDAY,,
23-09-2012,NO TRANSACTIONS DUE TO SUNDAY,,
24-09-2012,3000,7700,7300
25-09-2012,3500,7800,7500
26-09-2012,3500,7800,7500
27-09-2012,4000,7800,7500
28-09-2012,3500,7700,7400
29-09-2012,NO TRANSACTIONS DUE TO SATURDAY,,
30-09-2012,NO TRANSACTIONS DUE TO SUNDAY,,
01-10-2012,3500,7700,7400
02-10-2012,NO TRANSACTIONS DUE TO GANDHI JAYANTHI,,
03-10-2012,3500,7600,7300
04-10-2012,3000,7700,7400
05-10-2012,3500,7700,7400
06-10-2012,NO TRANSACTIONS DUE TO SATURDAY,,
07-10-2012,NO TRANSACTIONS DUE TO SUNDAY,,
08-10-2012,3500,7600,7400
09-10-2012,3500,7600,7400
10-10-2012,3500,7500,7200
11-10-2012,3500,7300,7000
12-10-2012,3500,7200,6900
13-10-2012,NO TRANSACTIONS DUE TO SATURDAY,,
14-10-2012,NO TRANSACTIONS DUE TO SUNDAY,,
15-10-2012,3500,7400,7100
16-10-2012,3500,7300,7000
17-10-2012,3500,7300,7000
18-10-2012,3500,7400,7100
19-10-2012,3500,7300,7000
20-10-2012,NO TRANSACTIONS DUE TO SATURDAY,,
21-10-2012,NO TRANSACTIONS DUE TO SUNDAY,,
22-10-2012,NO TRANSACTIONS DUE TO DASARA HOLIDAYS,,
23-10-2012,NO TRANSACTIONS DUE TO DASARA HOLIDAYS,,
24-10-2012,NO TRANSACTIONS DUE TO DASARA HOLIDAYS,,
25-10-2012,3500,7300,7000
26-10-2012,3500,7300,7000
27-10-2012,NO TRANSACTIONS DUE TO SATURDAY ( Bakridh),,
28-10-2012,NO TRANSACTIONS DUE TO SUNDAY,,
29-10-2012,3000,7300,7000
30-10-2012,3500,7500,7200
31-10-2012,3500,7500,7200
01-11-2012,3500,7600,7300
02-11-2012,3500,7300,7000
03-11-2012,NO TRANSACTIONS DUE TO SATURDAY,,
04-11-2012,NO TRANSACTIONS DUE TO SUNDAY,,
05-11-2012,3500,7800,7500
06-11-2012,3500,7800,7500
07-11-2012,3000,8000,7700
08-11-2012,3000,8100,7800
09-11-2012,3500,7700,7300
10-11-2012,NO TRANSACTIONS DUE TO SATURDAY,,
11-11-2012,NO TRANSACTIONS DUE TO SUNDAY,,
12-11-2012,3000,7800,7500
13-11-2012,,,
14-11-2012,3500,8000,7700
15-11-2012,3500,8000,7700
16-11-2012,3500,8100,7800
17-11-2012,NO TRANSACTIONS DUE TO SATURDAY,,
18-11-2012,NO TRANSACTIONS DUE TO SUNDAY,,
19-11-2012,3500,8400,8100
20-11-2012,3500,8300,8000
21-11-2012,3500,8100,7800
22-11-2012,3500,8100,7800
23-11-2012,3500,8200,7900
24-11-2012,NO TRANSACTIONS DUE TO SATURDAY,,
25-11-2012,NO TRANSACTIONS DUE TO SUNDAY,,
26-11-2012,3500,8400,8100
27-11-2012,3500,8400,8100
28-11-2012,3500,8600,8300
29-11-2012,3500,8600,8300
30-11-2012,3500,8600,8300
01-12-2012,NO TRANSACTIONS DUE TO SATURDAY,,
02-12-2012,NO TRANSACTIONS DUE TO SUNDAY,,
03-12-2012,3500,8600,8300
04-12-2012,3500,8300,8000
05-12-2012,3500,8300,8000
06-12-2012,3500,8300,8000
07-12-2012,3500,8300,8000
08-12-2012,NO TRANSACTIONS DUE TO SATURDAY,,
09-12-2012,NO TRANSACTIONS DUE TO SUNDAY,,
10-12-2012,3500,8400,8100
11-12-2012,3500,8400,8100
12-12-2012,3500,8300,8000
13-12-2012,3500,8300,8000
14-12-2012,3500,8300,8000
15-12-2012,NO TRANSACTIONS DUE TO SATURDAY,,
16-12-2012,NO TRANSACTIONS DUE TO SUNDAY,,
17-12-2012,3500,8300,8000
18-12-2012,3500,8300,8000
19-12-2012,3500,8300,8000
20-12-2012,3500,8300,8000
21-12-2012,3500,8300,8000
22-12-2012,NO TRANSACTIONS DUE TO SATURDAY,,
23-12-2012,NO TRANSACTIONS DUE TO SUNDAY,,
24-12-2012,3500,8300,8000
25-12-2012,NO TRANSACTIONS DUE TO CHRISTMAS,,
26-12-2012,3500,8300,8000
27-12-2012,3500,8200,7900
28-12-2012,3500,8200,7900
29-12-2012,NO TRANSACTIONS DUE TO SATURDAY,,
30-12-2012,NO TRANSACTIONS DUE TO SUNDAY,,
31-12-2012,3500,8000,7700
01-01-2013,3500,7800,7500
02-01-2013,3500,8000,7700
03-01-2013,3500,7800,7500
04-01-2013,3500,7700,7400
05-01-2013,NO TRANSACTIONS DUE TO SATURDAY,,
06-01-2013,NO TRANSACTIONS DUE TO SUNDAY,,
07-01-2013,3500,7600,7400
08-01-2013,5000,7500,7200
09-01-2013,6000,7500,7200
10-01-2013,6000,7800,7500
11-01-2013,6000,8000,7700
12-01-2013,NO TRANSACTIONS DUE,,
13-01-2013,NO TRANSACTIONS DUE TO Bogi,,
14-01-2013,NO TRANSACTIONS DUE TO Sankranthi,,
15-01-2013,NO TRANSACTIONS DUE TO Kanuma,,
16-01-2013,6000,7800,7500
17-01-2013,6000,7300,7000
18-01-2013,6000,7300,7000
19-01-2013,NO TRANSACTIONS DUE TO SATURDAY,,
20-01-2013,NO TRANSACTIONS DUE TO SUNDAY,,
21-01-2013,6000,7400,7100
22-01-2013,6000,7500,7200
23-01-2013,6000,7700,7400
24-01-2013,6000,7600,7300
25-01-2013,NO TRANSACTIONS DUE TO REPUBLICDAY,,
26-01-2013,NO TRANSACTIONS DUE TO SATURDAY,,
27-01-2013,NO TRANSACTIONS DUE TO SUNDAY,,
28-01-2013,5500,7500,7300
29-01-2013,5500,7500,7200
30-01-2013,6500,7500,7100
31-01-2013,6500,7500,7200
01-02-2013,6000,7500,7200
02-02-2013,NO TRANSACTIONS DUE TO SATURDAY,,
03-02-2013,NO TRANSACTIONS DUE TO SUNDAY,,
04-02-2013,6000,7600,7300
05-02-2013,6000,7600,7300
06-02-2013,6500,7300,7000
07-02-2013,5000,7000,6700
08-02-2013,6000,7100,6800
09-02-2013,NO TRANSACTIONS DUE TO SATURDAY,,
10-02-2013,NO TRANSACTIONS DUE TO SUNDAY,,
11-02-2013,6000,6800,6500
12-02-2013,5500,6700,6400
13-02-2013,5000,6700,6400
14-02-2013,5000,6500,6200
15-02-2013,5000,6500,6200
16-02-2013,NO TRANSACTIONS DUE TO SATURDAY,,
17-02-2013,NO TRANSACTIONS DUE TO SUNDAY,,
18-02-2013,6000,6800,6500
19-02-2013,6000,6800,6500
20-02-2013,5500,7100,6800
21-02-2013,5500,6800,6500
22-02-2013,5500,6800,6500
23-02-2013,NO TRANSACTIONS DUE TO SATURDAY,,
24-02-2013,NO TRANSACTIONS DUE TO SUNDAY,,
25-02-2013,6000,6600,6300
26-02-2013,5500,6700,6400
27-02-2013,6000,6900,6600
28-02-2013,5500,6900,6600
01-03-2013,5500,6900,6600
02-03-2013,NO TRANSACTIONS DUE TO SATURDAY,,
03-03-2013,NO TRANSACTIONS DUE TO SUNDAY,,
04-03-2013,6000,6600,6300
05-03-2013,6000,7000,6700
06-03-2013,6000,6800,6500
07-03-2013,5500,7300,7000
08-03-2013,5500,7300,7000
09-03-2013,NO TRANSACTIONS DUE TO SATURDAY,,
10-03-2013,NO TRANSACTIONS DUE TO SUNDAY,,
11-03-2013,5500,7300,7000
12-03-2013,5500,7300,7000
13-03-2013,5500,7300,7000
14-03-2013,6000,7400,7100
15-03-2013,6000,7500,7200
16-03-2013,NO TRANSACTIONS DUE TO SATURDAY,,
17-03-2013,NO TRANSACTIONS DUE TO SUNDAY,,
18-03-2013,5500,7300,7000
19-03-2013,5500,7300,7000
20-03-2013,5500,7300,7000
21-03-2013,5500,7300,7000
22-03-2013,6000,7300,7000
23-03-2013,NO TRANSACTIONS DUE TO SATURDAY,,
24-03-2013,NO TRANSACTIONS DUE TO SUNDAY,,
25-03-2013,6000,7300,7000
26-03-2013,6500,7300,7000
27-03-2013,NO TRANSACTIONS DUE TO HOLI,,
28-03-2013,6000,7000,6700
29-03-2013,NO TRANSACTIONS DUE TO GOOD FRIDAY,,
30-03-2013,NO TRANSACTIONS DUE TO SATURDAY,,
31-03-2013,NO TRANSACTIONS DUE TO SUNDAY,,
01-04-2013,6500,7800,7500
02-04-2013,6500,7800,7500
03-04-2013,NO TRANSACTIONS DUE TO HEAVY ARRIVALS,,
04-04-2013,6000,7700,7400
05-04-2013,NO TRANSACTIONS DUE TO JAGJEEVANRAM JAYANTHI,,
06-04-2013,NO TRANSACTIONS DUE TO SATURDAY,,
07-04-2013,NO TRANSACTIONS DUE TO SUNDAY,,
08-04-2013,6000,7600,7300
09-04-2013,6500,7400,7100
10-04-2013,6500,7500,7200
11-04-2013,NO TRANSACTIONS DUE TO UGADI,,
12-04-2013,6000,7500,7200
13-04-2013,NO TRANSACTIONS DUE TO SATURDAY,,
14-04-2013,NO TRANSACTIONS DUE TO SUNDAY,,
15-04-2013,6500,7600,7300
16-04-2013,6500,7500,7200
17-04-2013,6500,7600,7300
18-04-2013,6500,7600,7300
19-04-2013,NO TRANSACTIONS DUE TO SRIRAMANAVAMI,,
20-04-2013,NO TRANSACTIONS DUE TO SATURDAY,,
21-04-2013,NO TRANSACTIONS DUE TO SUNDAY,,
22-04-2013,6500,7500,7200
23-04-2013,NO TRANSACTIONS DUE TO MAHAVEERJAYANTHI,,
24-04-2013,6500,7600,7300
25-04-2013,6500,7700,7400
26-04-2013,6500,7600,7300
27-04-2013,NO TRANSACTIONS DUE TO SATURDAY,,
28-04-2013,NO TRANSACTIONS DUE TO SUNDAY,,
29-04-2013,6500,7800,7500
30-04-2013,6500,7700,7400
01-05-2013,NO TRANSACTIONS DUE TO MAY DAY,,
02-05-2013,6500,7900,7600
03-05-2013,6500,7800,7500
04-05-2013,NO TRANSACTIONS DUE TO SATURDAY,,
05-05-2013,NO TRANSACTIONS DUE TO SUNDAY,,
06-05-2013,6500,7800,7500
07-05-2013,6000,7800,7500
08-05-2013,6000,7800,7500
09-05-2013,6000,7800,7500
10-05-2013,6000,7800,7500
11-05-2013,NO TRANSACTIONS DUE TO SATURDAY,,
12-05-2013,NO TRANSACTIONS DUE TO SUNDAY,,
13-05-2013,NO TRANSACTIONS DUE TO YARD HOLIDAYS,,
14-05-2013,NO TRANSACTIONS DUE TO YARD HOLIDAYS,,
15-05-2013,NO TRANSACTIONS DUE TO YARD HOLIDAYS,,
16-05-2013,NO TRANSACTIONS DUE TO YARD HOLIDAYS,,
17-05-2013,NO TRANSACTIONS DUE TO YARD HOLIDAYS,,
18-05-2013,NO TRANSACTIONS DUE TO YARD HOLIDAYS,,
19-05-2013,NO TRANSACTIONS DUE TO YARD HOLIDAYS,,
20-05-2013,NO TRANSACTIONS DUE TO YARD HOLIDAYS,,
21-05-2013,NO TRANSACTIONS DUE TO YARD HOLIDAYS,,
22-05-2013,NO TRANSACTIONS DUE TO YARD HOLIDAYS,,
23-05-2013,NO TRANSACTIONS DUE TO YARD HOLIDAYS,,
24-05-2013,NO TRANSACTIONS DUE TO YARD HOLIDAYS,,
25-05-2013,NO TRANSACTIONS DUE TO YARD HOLIDAYS,,
26-05-2013,NO TRANSACTIONS DUE TO YARD HOLIDAYS,,
27-05-2013,NO TRANSACTIONS DUE TO YARD HOLIDAYS,,
28-05-2013,NO TRANSACTIONS DUE TO YARD HOLIDAYS,,
29-05-2013,NO TRANSACTIONS DUE TO YARD HOLIDAYS,,
30-05-2013,NO TRANSACTIONS DUE TO YARD HOLIDAYS,,
31-05-2013,NO TRANSACTIONS DUE TO YARD HOLIDAYS,,
01-06-2013,NO TRANSACTIONS DUE TO YARD HOLIDAYS,,
02-06-2013,NO TRANSACTIONS DUE TO YARD HOLIDAYS,,
03-06-2013,NO TRANSACTIONS DUE TO YARD HOLIDAYS,,
04-06-2013,NO TRANSACTIONS DUE TO YARD HOLIDAYS,,
05-06-2013,NO TRANSACTIONS DUE TO YARD HOLIDAYS,,
06-06-2013,NO TRANSACTIONS DUE TO YARD HOLIDAYS,,
07-06-2013,NO TRANSACTIONS DUE TO YARD HOLIDAYS,,
08-06-2013,NO TRANSACTIONS DUE TO YARD HOLIDAYS,,
09-06-2013,NO TRANSACTIONS DUE TO YARD HOLIDAYS,,
10-06-2013,5000,8800,8500
11-06-2013,5500,8800,8500
12-06-2013,5500,8800,8500
13-06-2013,5500,8900,8600
14-06-2013,5500,8800,8500
15-06-2013,NO TRANSACTIONS DUE TO SATURDAY,,
16-06-2013,NO TRANSACTIONS DUE TO SUNDAY,,
17-06-2013,5500,8800,8500
18-06-2013,5500,8600,8300
19-06-2013,5500,8500,8200
20-06-2013,5000,8600,8300
21-06-2013,5000,8500,8200
22-06-2013,NO TRANSACTIONS DUE TO SATURDAY,,
23-06-2013,NO TRANSACTIONS DUE TO SUNDAY,,
24-06-2013,5000,8600,8300
25-06-2013,5000,8800,8500
26-06-2013,5000,8800,8500
27-06-2013,5000,8600,8300
28-06-2013,5000,8800,8500
29-06-2013,NO TRANSACTIONS DUE TO SATURDAY,,
30-06-2013,NO TRANSACTIONS DUE TO SUNDAY,,
01-07-2013,5000,8800,8500
02-07-2013,5000,8800,8500
03-07-2013,5000,8800,8500
04-07-2013,5000,8800,8500
05-07-2013,5000,8800,8500
06-07-2013,NO TRANSACTIONS DUE TO SATURDAY,,
07-07-2013,NO TRANSACTIONS DUE TO SUNDAY,,
08-07-2013,5000,8900,8600
09-07-2013,5000,8900,8600
10-07-2013,5000,8900,8600
11-07-2013,5000,6800,6500
12-07-2013,5000,8900,8600
13-07-2013,NO TRANSACTIONS DUE TO SATURDAY,,
14-07-2013,NO TRANSACTIONS DUE TO SUNDAY,,
15-07-2013,5500,9000,8700
16-07-2013,5000,9000,8700
17-07-2013,5000,8800,8500
18-07-2013,5000,8900,8600
19-07-2013,5000,9000,8700
20-07-2013,NO TRANSACTIONS DUE TO SATURDAY,,
21-07-2013,NO TRANSACTIONS DUE TO SUNDAY,,
22-07-2013,5000,9000,8700
23-07-2013,5000,9000,8700
24-07-2013,5000,9000,8700
25-07-2013,5000,9000,8700
26-07-2013,5500,9000,8700
27-07-2013,NO TRANSACTIONS DUE TO SATURDAY,,
28-07-2013,NO TRANSACTIONS DUE TO SUNDAY,,
29-07-2013,5500,9000,8700
30-07-2013,5000,9000,8700
31-07-2013,5000,9000,8700
01-08-2013,5000,9000,8700
02-08-2013,5000,8800,8500
03-08-2013,NO TRANSACTIONS DUE TO SATURDAY,,
04-08-2013,NO TRANSACTIONS DUE TO SUNDAY,,
05-08-2013,5000,8900,8600
06-08-2013,5000,8900,8600
07-08-2013,5000,8900,8600
08-08-2013,NO TRANSACTIONS DUE TO SAMEKYA ANDHRA BUNDH,,
09-08-2013,NO TRANSACTIONS DUE TO RAMJAN,,
10-08-2013,NO TRANSACTIONS DUE TO SATURDAY,,
11-08-2013,NO TRANSACTIONS DUE TO SUNDAY,,
12-08-2013,5500,8900,8600
13-08-2013,5000,8800,8500
14-08-2013,5000,8800,8500
15-08-2013,NO TRANSACTIONS DUE TO INDEPENDENCE DAY,,
16-08-2013,5500,8600,8300
17-08-2013,NO TRANSACTIONS DUE TO SATURDAY,,
18-08-2013,NO TRANSACTIONS DUE TO SUNDAY,,
19-08-2013,5500,8900,8600
20-08-2013,5000,9000,8700
21-08-2013,5000,9000,8700
22-08-2013,5000,9000,8700
23-08-2013,5000,9000,8700
24-08-2013,NO TRANSACTIONS DUE TO SATURDAY,,
25-08-2013,NO TRANSACTIONS DUE TO SUNDAY,,
26-08-2013,5000,9000,8700
27-08-2013,5000,9000,8700
28-08-2013,5000,9000,8700
29-08-2013,NO TRANSACTIONS DUE TO BUNDH,,
30-08-2013,NO TRANSACTIONS DUE TO SATURDAY,,
31-08-2013,NO TRANSACTIONS DUE TO SUNDAY,,
01-09-2013,NO TRANSACTIONS DUE TO SUNDAY,,
02-09-2013,5500/-,9000/-,8700/-
03-09-2013,5000/-,9000/-,8700/-
04-09-2013,5000/-,9000/-,8700/-
05-09-2013,5000/-,9100/-,8800/-
06-09-2013,5000/-,9100/-,8800/-
07-09-2013,NO TRANSACTIONS DUE TO SATURDAY,,
08-09-2013,NO TRANSACTIONS DUE TO SUNDAY,,
09-09-2013,NO TRANSACTIONS DUE TO VINAYAKACHAVITHI,,
10-09-2013,5000/-,9000/-,8700/-
11-09-2013,5000/-,9200/-,8900/-
12-09-2013,5000/-,9200/-,8900/-
13-09-2013,5000/-,9200/-,8900/-
14-09-2013,NO TRANSACTIONS DUE TO SATURDAY,,
15-09-2013,NO TRANSACTIONS DUE TO SUNDAY,,
16-09-2013,5000/-,9200/-,8900/-
17-09-2013,5000/-,9200/-,8900/-
18-09-2013,5000/-,9200/-,8900/-
19-09-2013,5000/-,9200/-,8900/-
20-09-2013,NO TRANSACTIONS DUE TO SAMEKYA ANDHRA BUNDH,,
21-09-2013,NO TRANSACTIONS DUE TO SAMEKYA ANDHRA BUNDH,,
22-09-2013,NO TRANSACTIONS DUE TO SAMEKYA ANDHRA BUNDH,,
23-09-2013,NO TRANSACTIONS DUE TO SAMEKYA ANDHRA BUNDH,,
24-09-2013,NO TRANSACTIONS DUE TO SAMEKYA ANDHRA BUNDH,,
25-09-2013,NO TRANSACTIONS DUE TO SAMEKYA ANDHRA BUNDH,,
26-09-2013,NO TRANSACTIONS DUE TO SAMEKYA ANDHRA BUNDH,,
27-09-2013,NO TRANSACTIONS DUE TO SAMEKYA ANDHRA BUNDH,,
28-09-2013,NO TRANSACTIONS DUE TO SAMEKYA ANDHRA BUNDH,,
29-09-2013,NO TRANSACTIONS DUE TO SAMEKYA ANDHRA BUNDH,,
30-09-2013,NO TRANSACTIONS DUE TO SAMEKYA ANDHRA BUNDH,,
01-10-2013,NO TRANSACTIONS DUE TO SAMEKYA ANDHRA BUNDH,,
02-10-2013,NO TRANSACTIONS DUE TO SAMEKYA ANDHRA BUNDH,,
03-10-2013,5000,9200,8900
04-10-2013,5000,9300,9000
05-10-2013,NO TRANSACTIONS DUE TO SATURDAY,,
06-10-2013,NO TRANSACTIONS DUE TO SUNDAY,,
07-10-2013,5000,9300,9000
08-10-2013,5000,9200,8900
09-10-2013,5000,9100,8800
10-10-2013,5000,9100,8800
11-10-2013,5000,9100,8800
12-10-2013,NO TRANSACTIONS DUE TO SATURDAY,,
13-10-2013,NO TRANSACTIONS DUE TO SUNDAY,,
14-10-2013,NO TRANSACTIONS DUE TO VIJAYADASAMI,,
15-10-2013,5000,9200,8900
16-10-2013,NO TRANSACTIONS DUE TO BAKRID,,
17-10-2013,5000,9400,9100
18-10-2013,5000,9400,9100
19-10-2013,NO TRANSACTIONS DUE TO SATURDAY,,
20-10-2013,NO TRANSACTIONS DUE TO SUNDAY,,
21-10-2013,5000,9500,9200
22-10-2013,5000,9600,9300
23-10-2013,5000,9500,9200
24-10-2013,5000,9700,9400
25-10-2013,5000,9800,9500
26-10-2013,NO TRANSACTIONS DUE TO SATURDAY,,
27-10-2013,NO TRANSACTIONS DUE TO SUNDAY,,
28-10-2013,5000,9600,9300
29-10-2013,5000,9800,9500
30-10-2013,5000,9500,9200
31-10-2013,5000,9500,9200
01-11-2013,7000,9500,9200
02-11-2013,NO TRANSACTIONS DUE TO SATURDAY,,
03-11-2013,NO TRANSACTIONS DUE TO SUNDAY,,
04-11-2013,7000,9500,9300
05-11-2013,7000,9800,9200
06-11-2013,7000,9600,9300
07-11-2013,7000,9600,9300
08-11-2013,7000,9700,9300
09-11-2013,NO TRANSACTIONS DUE TO SATURDAY,,
10-11-2013,NO TRANSACTIONS DUE TO SUNDAY,,
11-11-2013,7000,9800,9400
12-11-2013,7000,9700,9500
13-11-2013,7000,9600,9300
14-11-2013,7000,9700,9400
15-11-2013,NO TRANSACTIONS DUE TO MOHARAM,,
16-11-2013,NO TRANSACTIONS DUE TO SATURDAY,,
17-11-2013,NO TRANSACTIONS DUE TO SUNDAY,,
18-11-2013,7000,10000,9700
19-11-2013,7000,10200,9900
20-11-2013,7000,11000,10500
21-11-2013,7500,11100,10800
22-11-2013,7500,11800,11500
23-11-2013,NO TRANSACTIONS DUE TO SATURDAY,,
24-11-2013,NO TRANSACTIONS DUE TO SUNDAY,,
25-11-2013,7500,12000,11500
26-11-2013,8000,11000,10500
27-11-2013,8000,11000,10500
28-11-2013,8000,11000,10500
29-11-2013,8000,10800,10400
30-11-2013,NO TRANSACTIONS DUE TO SATURDAY,,
01-12-2013,NO TRANSACTIONS DUE TO SUNDAY,,
02-12-2013,8000,10600,10000
03-12-2013,8000,10400,10000
04-12-2013,8000,10400,10000
05-12-2013,8000,10500,10400
06-12-2013,8000,10900,10500
07-12-2013,NO TRANSACTIONS DUE TO SATURDAY,,
08-12-2013,NO TRANSACTIONS DUE TO SUNDAY,,
09-12-2013,8000,11200,10500
10-12-2013,8000,11400,10200
11-12-2013,8200,11600,10300
12-12-2013,8000,11200,10500
13-12-2013,8000,11200,11000
14-12-2013,NO TRANSACTIONS DUE TO SATURDAY,,
15-12-2013,NO TRANSACTIONS DUE TO SUNDAY,,
16-12-2013,8000,11500,11000
17-12-2013,8000,11200,11000
18-12-2013,8000,11000,10500
19-12-2013,8000,11000,10500
20-12-2013,8000,11200,11000
21-12-2013,NO TRANSACTIONS DUE TO SATURDAY,,
22-12-2013,NO TRANSACTIONS DUE TO SUNDAY,,
23-12-2013,8000,11000,10500
24-12-2013,8000,10200,10000
25-12-2013,,,
26-12-2013,8000,10000,9800
27-12-2013,8000,9800,9200
28-12-2013,NO TRANSACTIONS DUE TO SATURDAY,,
29-12-2013,NO TRANSACTIONS DUE TO SUNDAY,,
30-12-2013,8000,9700,9500
31-12-2013,8000,9400,9100
01-01-2014,8000,9600,9200
02-01-2014,8000,9600,9200
03-01-2014,8100,9800,9400
04-01-2014,NO TRANSACTIONS DUE TO SATURDAY,,
05-01-2014,NO TRANSACTIONS DUE TO SUNDAY,,
06-01-2014,8100,9800,9400
07-01-2014,8100,10200,9500
08-01-2014,8100,10900,10100
09-01-2014,8100,10900,10500
10-01-2014,8000,10000,9300
11-01-2014,NO TRANSACTIONS DUE TO SATURDAY,,
12-01-2014,NO TRANSACTIONS DUE TO SUNDAY,,
13-01-2014,NO TRANSACTIONS DUE TO BOGI,,
14-01-2014,NO TRANSACTIONS DUE TO SANKRANTI,,
15-01-2014,NO TRANSACTIONS DUE TO KANUMA,,
16-01-2014,8700,10500,10200
17-01-2014,8800,10500,10200
18-01-2014,NO TRANSACTIONS DUE TO SATURDAY,,
19-01-2014,NO TRANSACTIONS DUE TO SUNDAY,,
20-01-2014,8600,10200,10000
21-01-2014,8600,10400,10100
22-01-2014,8500,10300,10000
23-01-2014,8500,10400,10100
24-01-2014,8300,10000,9600
25-01-2014,NO TRANSACTIONS DUE TO SATURDAY,,
26-01-2014,NO TRANSACTIONS DUE TO SUNDAY,,
27-01-2014,8100,9600,9300
28-01-2014,7900,9600,9300
29-01-2014,8500,10000,9700
30-01-2014,8500,10000,9700
31-01-2014,9000,10000,9700
01-02-2014,NO TRANSACTIONS DUE TO SATURDAY,,
02-02-2014,NO TRANSACTIONS DUE TO SUNDAY,,
03-02-2014,8900,10000,9700
04-02-2014,8400,9800,9300
05-02-2014,8100,9400,9000
06-02-2014,7700,9000,8600
07-02-2014,7400,8700,8400
08-02-2014,NO TRANSACTIONS DUE TO SATURDAY,,
09-02-2014,NO TRANSACTIONS DUE TO SUNDAY,,
10-02-2014,6800,8000,7600
11-02-2014,6600,8200,7900
12-02-2014,7000,8200,7900
13-02-2014,6800,8100,7900
14-02-2014,7000,8000,7800
15-02-2014,NO TRANSACTIONS DUE TO SATURDAY,,
16-02-2014,NO TRANSACTIONS DUE TO SUNDAY,,
17-02-2014,6400,7700,7400
18-02-2014,6800,8000,7700
19-02-2014,6700,8100,7600
20-02-2014,7100,8100,7600
21-02-2014,6900,8100,7500
22-02-2014,NO TRANSACTIONS DUE TO SATURDAY,,
23-02-2014,NO TRANSACTIONS DUE TO SUNDAY,,
24-02-2014,6300,7800,7300
25-02-2014,5600,7600,7200
26-02-2014,6100,7800,7500
27-02-2014,NO TRANSACTIONS DUE TO MAHASIVARATRI,,
28-02-2014,6700,7800,7500
01-03-2014,NO TRANSACTIONS DUE TO SATURDAY,,
02-03-2014,NO TRANSACTIONS DUE TO SUNDAY,,
03-03-2014,6500,7800,7500
04-03-2014,7000,8000,7700
05-03-2014,7000,8200,7900
06-03-2014,7100,8200,7600
07-03-2014,6900,8000,7700
08-03-2014,NO TRANSACTIONS DUE TO SATURDAY,,
09-03-2014,NO TRANSACTIONS DUE TO SUNDAY,,
10-03-2014,7500,8400,8100
11-03-2014,7200,8100,7800
12-03-2014,7200,8200,7700
13-03-2014,7000,8000,7600
14-03-2014,6800,7800,7500
15-03-2014,NO TRANSACTIONS DUE TO SATURDAY,,
16-03-2014,NO TRANSACTIONS DUE TO SUNDAY,,
17-03-2014,NO TRANSACTIONS DUE TO HOLI,,
18-03-2014,6900,7800,7400
19-03-2014,6900,7900,7400
20-03-2014,6900,7900,7400
21-03-2014,7100,8000,7600
22-03-2014,NO TRANSACTIONS DUE TO SATURDAY,,
23-03-2014,NO TRANSACTIONS DUE TO SUNDAY,,
24-03-2014,7000,7900,7600
25-03-2014,6600,7600,7100
26-03-2014,6600,7700,7100
27-03-2014,6500,7500,7000
28-03-2014,6700,7600,7100
29-03-2014,NO TRANSACTIONS DUE TO SATURDAY,,
30-03-2014,NO TRANSACTIONS DUE TO SUNDAY,,
31-03-2014,NO TRANSACTIONS DUE TO UGADI,,
01-04-2014,7100,8000,7600
02-04-2014,7100,8100,7600
03-04-2014,7000,8000,7500
04-04-2014,6900,7900,7400
05-04-2014,NO TRANSACTIONS DUE TO JAGJEEVANRAM JAYANTHI,,
06-04-2014,NO TRANSACTIONS DUE TO SUNDAY,,
07-04-2014,6500,8000,7700
08-04-2014,NO TRANSACTIONS DUE TO SRIRAMANAVAMI,,
09-04-2014,7000,7900,7500
10-04-2014,6100,7200,6800
11-04-2014,6800,7800,7300
12-04-2014,NO TRANSACTIONS DUE TO SATURDAY,,
13-04-2014,NO TRANSACTIONS DUE TO SUNDAY,,
14-04-2014,NO TRANSACTIONS DUE TO AMBEDKARJAYANTHI,,
15-04-2014,6900,7900,7400
16-04-2014,6700,7700,7200
17-04-2014,6800,7800,7300
18-04-2014,NO TRANSACTIONS DUE TO SATURDAY,,
19-04-2014,NO TRANSACTIONS DUE TO SUNDAY,,
20-04-2014,NO TRANSACTIONS DUE TO AMBEDKARJAYANTHI,,
21-04-2014,6900,7900,7400
22-04-2014,7100,8100,7600
23-04-2014,6500,8000,7700
24-04-2014,7100,8100,7600
25-04-2014,7100,8100,7600
26-04-2014,NO TRANSACTIONS DUE TO SATURDAY,,
27-04-2014,NO TRANSACTIONS DUE TO SUNDAY,,
28-04-2014,6900,7900,7400
29-04-2014,6000,7000,6500
30-04-2014,7000,7900,7500
01-05-2014,NO TRANSACTIONS DUE TO MAYDAY,,
02-05-2014,6800,7800,7500
03-05-2014,NO TRANSACTIONS DUE TO SATURDAY,,
04-05-2014,NO TRANSACTIONS DUE TO SUNDAY,,
05-05-2014,6700,7700,7400
06-05-2014,6500,7700,7400
07-05-2014,NO TRANSACTIONS DUE TO ELECTIONS,,
08-05-2014,6500,8000,7700
09-05-2014,6500,8000,7600
10-05-2014,NO TRANSACTIONS DUE TO SUMMER HOLIDAYS,,
11-05-2014,NO TRANSACTIONS DUE TO SUMMER HOLIDAYS,,
12-05-2014,NO TRANSACTIONS DUE TO SUMMER HOLIDAYS,,
13-05-2014,NO TRANSACTIONS DUE TO SUMMER HOLIDAYS,,
14-05-2014,NO TRANSACTIONS DUE TO SUMMER HOLIDAYS,,
15-05-2014,NO TRANSACTIONS DUE TO SUMMER HOLIDAYS,,
16-05-2014,NO TRANSACTIONS DUE TO SUMMER HOLIDAYS,,
17-05-2014,NO TRANSACTIONS DUE TO SUMMER HOLIDAYS,,
18-05-2014,NO TRANSACTIONS DUE TO SUMMER HOLIDAYS,,
19-05-2014,NO TRANSACTIONS DUE TO SUMMER HOLIDAYS,,
20-05-2014,NO TRANSACTIONS DUE TO SUMMER HOLIDAYS,,
21-05-2014,NO TRANSACTIONS DUE TO SUMMER HOLIDAYS,,
22-05-2014,NO TRANSACTIONS DUE TO SUMMER HOLIDAYS,,
23-05-2014,NO TRANSACTIONS DUE TO SUMMER HOLIDAYS,,
24-05-2014,NO TRANSACTIONS DUE TO SUMMER HOLIDAYS,,
25-05-2014,NO TRANSACTIONS DUE TO SUMMER HOLIDAYS,,
26-05-2014,NO TRANSACTIONS DUE TO SUMMER HOLIDAYS,,
27-05-2014,NO TRANSACTIONS DUE TO SUMMER HOLIDAYS,,
28-05-2014,NO TRANSACTIONS DUE TO SUMMER HOLIDAYS,,
29-05-2014,NO TRANSACTIONS DUE TO SUMMER HOLIDAYS,,
30-05-2014,NO TRANSACTIONS DUE TO SUMMER HOLIDAYS,,
31-05-2014,NO TRANSACTIONS DUE TO SUMMER HOLIDAYS,,
01-06-2014,NO TRANSACTIONS DUE TO SUMMER HOLIDAYS,,
02-06-2014,NO TRANSACTIONS DUE TO SUMMER HOLIDAYS,,
03-06-2014,NO TRANSACTIONS DUE TO SUMMER HOLIDAYS,,
04-06-2014,NO TRANSACTIONS DUE TO SUMMER HOLIDAYS,,
05-06-2014,NO TRANSACTIONS DUE TO SUMMER HOLIDAYS,,
06-06-2014,NO TRANSACTIONS DUE TO SUMMER HOLIDAYS,,
07-06-2014,NO TRANSACTIONS DUE TO SUMMER HOLIDAYS,,
08-06-2014,NO TRANSACTIONS DUE TO SUMMER HOLIDAYS,,
09-06-2014,8300,10000,9600
10-06-2014,8200,10000,9600
11-06-2014,8200,9800,9400
12-06-2014,8200,9800,9500
13-06-2014,8100,9400,9000
14-06-2014,NO TRANSACTIONS DUE TO SATURDAY,,
15-06-2014,NO TRANSACTIONS DUE TO SUNDAY,,
16-06-2014,5500,9300,9000
17-06-2014,5800,9200,8800
18-06-2014,5700,9200,8800
19-06-2014,5800,9300,9000
20-06-2014,8200,9900,9500
21-06-2014,NO TRANSACTIONS DUE TO SATURDAY,,
22-06-2014,NO TRANSACTIONS DUE TO SUNDAY,,
23-06-2014,6000,8800,8500
24-06-2014,6000,9200,8900
25-06-2014,5800,9200,8800
26-06-2014,5500,9300,9100
27-06-2014,6200,9300,9000
28-06-2014,NO TRANSACTIONS DUE TO SATURDAY,,
29-06-2014,NO TRANSACTIONS DUE TO SUNDAY,,
30-06-2014,6200,9200,8900
01-07-2014,6200,9000,8600
02-07-2014,6300,9200,8900
03-07-2014,6300,9400,9000
04-07-2014,6300,9400,9100
05-07-2014,NO TRANSACTIONS DUE TO SATURDAY,,
06-07-2014,NO TRANSACTIONS DUE TO SUNDAY,,
07-07-2014,6300,9500,9200
08-07-2014,5500,9500,9200
09-07-2014,5500,9300,9000
10-07-2014,6000,9300,9000
11-07-2014,5900,9200,8800
12-07-2014,NO TRANSACTIONS DUE TO SATURDAY,,
13-07-2014,NO TRANSACTIONS DUE TO SUNDAY,,
14-07-2014,6100,9400,9100
15-07-2014,6000,9300,9000
16-07-2014,6000,9300,9000
17-07-2014,6000,9300,9000
18-07-2014,6000,9400,9100
19-07-2014,NO TRANSACTIONS DUE TO SATURDAY,,
20-07-2014,NO TRANSACTIONS DUE TO SUNDAY,,
21-07-2014,6200,9300,9000
22-07-2014,6200,9300,9000
23-07-2014,6600,9400,9100
24-07-2014,6800,9400,9000
25-07-2014,6800,9600,9200
26-07-2014,NO TRANSACTIONS DUE TO SATURDAY,,
27-07-2014,NO TRANSACTIONS DUE TO SUNDAY,,
28-07-2014,6700,9700,9400
29-07-2014,NO TRANSACTIONS DUE TO RAMJAN,,
30-07-2014,6700,9600,9300
31-07-2014,5500,9800,9500
01-08-2014,5600,9700,9400
02-08-2014,NO TRANSACTIONS DUE TO SATURDAY,,
03-08-2014,NO TRANSACTIONS DUE TO SUNDAY,,
04-08-2014,5800,9600,9300
05-08-2014,5800,9500,9200
06-08-2014,6000,9500,9200
07-08-2014,5800,9400,9100
08-08-2014,6200,9300,9000
09-08-2014,NO TRANSACTIONS DUE TO SATURDAY,,
10-08-2014,NO TRANSACTIONS DUE TO SUNDAY,,
11-08-2014,6000,9400,9100
12-08-2014,5000,9600,9300
13-08-2014,5900,9500,9200
14-08-2014,5800,9500,9100
15-08-2014,NO TRANSACTIONS DUE TO INDIPENDENCE DAY,,
16-08-2014,NO TRANSACTIONS DUE TO SATURDAY,,
17-08-2014,NO TRANSACTIONS DUE TO SUNDAY,,
18-08-2014,6000,9500,9200
19-08-2014,6000,9200,8900
20-08-2014,7000,9600,9300
21-08-2014,5900,9400,9200
22-08-2014,5000,9600,9300
23-08-2014,NO TRANSACTIONS DUE TO SATURDAY,,
24-08-2014,NO TRANSACTIONS DUE TO SUNDAY,,
25-08-2014,5500,9600,9300
26-08-2014,6000,9600,9300
27-08-2014,6000,9600,9300
28-08-2014,6100,9600,9300
29-08-2014,NO TRANSACTIONS DUE TO VINAYAKACHAVITI,,
30-08-2014,NO TRANSACTIONS DUE TO SATURDAY,,
31-08-2014,NO TRANSACTIONS DUE TO SUNDAY,,
01-09-2014,6200,9400,9100
02-09-2014,6500,9600,9300
03-09-2014,6500,9600,9300
04-09-2014,6500,9600,9300
05-09-2014,5500,9600,9300
06-09-2014,NO TRANSACTIONS DUE TO SATURDAY,,
07-09-2014,NO TRANSACTIONS DUE TO SUNDAY,,
08-09-2014,5600,9600,9200
09-09-2014,6000,9500,9200
10-09-2014,6000,9400,9100
11-09-2014,6000,9600,9300
12-09-2014,6000,9600,9300
13-09-2014,NO TRANSACTIONS DUE TO SATURDAY,,
14-09-2014,NO TRANSACTIONS DUE TO SUNDAY,,
15-09-2014,6200,9600,8200
16-09-2014,6200,9600,9000
17-09-2014,6000,9600,9300
18-09-2014,6000,9500,9300
19-09-2014,6000,9500,9000
20-09-2014,NO TRANSACTIONS DUE TO SATURDAY,,
21-09-2014,NO TRANSACTIONS DUE TO SUNDAY,,
22-09-2014,6000,8000,7600
23-09-2014,6000,9500,9400
24-09-2014,6000,9300,9000
25-09-2014,6500,9600,9100
26-09-2014,6500,9500,9100
27-09-2014,NO TRANSACTIONS DUE TO SATURDAY,,
28-09-2014,NO TRANSACTIONS DUE TO SUNDAY,,
29-09-2014,5500,9500,9200
30-09-2014,5500,9400,9100
01-10-2014,5500,9500,9100
02-10-2014,NO TRANSACTIONS DUE TO GANDHI JAYANTHI,,
03-10-2014,NO TRANSACTIONS DUE TO VIJAYA DASIMI,,
04-10-2014,NO TRANSACTIONS DUE TO SATURDAY,,
05-10-2014,NO TRANSACTIONS DUE TO SUNDAY,,
06-10-2014,NO TRANSACTIONS DUE TO BAKRID,,
07-10-2014,5400,9500,9100
08-10-2014,5500,9500,9100
09-10-2014,5600,9300,8900
10-10-2014,5700,9500,9100
11-10-2014,NO TRANSACTIONS DUE TO SATURDAY,,
12-10-2014,NO TRANSACTIONS DUE TO SUNDAY,,
13-10-2014,5800,9600,9200
14-10-2014,5600,9600,9200
15-10-2014,5600,9500,9100
16-10-2014,5500,9500,9200
17-10-2014,5500,9600,9200
18-10-2014,NO TRANSACTIONS DUE TO SATURDAY,,
19-10-2014,NO TRANSACTIONS DUE TO SUNDAY,,
20-10-2014,5700,9600,9200
21-10-2014,5800,9400,8900
22-10-2014,6000,9600,9200
23-10-2014,NO TRANSACTIONS DUE TO DIWALI,,
24-10-2014,5600,9500,9000
25-10-2014,NO TRANSACTIONS DUE TO SATURDAY,,
26-10-2014,NO TRANSACTIONS DUE TO SUNDAY,,
27-10-2014,6500,9500,9200
28-10-2014,6500,9400,9000
29-10-2014,6500,9400,9000
30-10-2014,6500,9500,9200
31-10-2014,6600,9500,9000
01-11-2014,NO TRANSACTIONS DUE TO SATURDAY,,
02-11-2014,NO TRANSACTIONS DUE TO SUNDAY,,
03-11-2014,6600,9600,9100
04-11-2014,NO TRANSACTIONS DUE TO MOHARAM,,
05-11-2014,6600,9600,9400
06-11-2014,6600,9500,9200
07-11-2014,6000,9700,9400
08-11-2014,NO TRANSACTIONS DUE TO SATURDAY,,
09-11-2014,NO TRANSACTIONS DUE TO SUNDAY,,
10-11-2014,6000,9800,9600
11-11-2014,7500,10100,9800
12-11-2014,7500,9400,9000
13-11-2014,7300,9800,9600
14-11-2014,7300,9600,9300
15-11-2014,NO TRANSACTIONS DUE TO SATURDAY,,
16-11-2014,NO TRANSACTIONS DUE TO SUNDAY,,
17-11-2014,6500,9600,9200
18-11-2014,6400,9600,9200
19-11-2014,7000,9600,9300
20-11-2014,7000,9500,9300
21-11-2014,7000,9700,9200
22-11-2014,NO TRANSACTIONS DUE TO SATURDAY,,
23-11-2014,NO TRANSACTIONS DUE TO SUNDAY,,
24-11-2014,6800,9600,9000
25-11-2014,6800,9600,9400
26-11-2014,6700,9500,9200
27-11-2014,6600,9300,8900
28-11-2014,6600,9300,8900
29-11-2014,NO TRANSACTIONS DUE TO SATURDAY,,
30-11-2014,NO TRANSACTIONS DUE TO SUNDAY,,
01-12-2014,6800,9300,9000
02-12-2014,6700,9200,8800
03-12-2014,7000,9200,8900
04-12-2014,7000,9000,8700
05-12-2014,6300,9100,8800
06-12-2014,NO TRANSACTIONS DUE TO SATURDAY,,
07-12-2014,NO TRANSACTIONS DUE TO SUNDAY,,
08-12-2014, ,9200,8900
09-12-2014,6500,9200,7900
10-12-2014,6500,9200,8900
11-12-2014,7000,9200,8900
12-12-2014,6800,9300,9000
13-12-2014,NO TRANSACTIONS DUE TO SATURDAY,,
14-12-2014,NO TRANSACTIONS DUE TO SUNDAY,,
15-12-2014,6800,9200,9000
16-12-2014,6800,9200,8900
17-12-2014,6800,9200,8700
18-12-2014,6800,9300,9000
19-12-2014,6800,9200,8900
20-12-2014,NO TRANSACTIONS DUE TO SATURDAY,,
21-12-2014,NO TRANSACTIONS DUE TO SUNDAY,,
22-12-2014,6800,9000,8600
23-12-2014,6700,9000,8700
24-12-2014,7000,8800,8500
25-12-2014,NO TRANSACTIONS DUE TO CHRISTMAS,,
26-12-2014,7000,8800,8300
27-12-2014,NO TRANSACTIONS DUE TO SATURDAY,,
28-12-2014,NO TRANSACTIONS DUE TO SUNDAY,,
29-12-2014,6700,8200,7800
30-12-2014,6700,8600,8400
31-12-2014,6500,8400,8200
01-01-2015,6800,8300,8100
02-01-2015,6300,8200,7900
03-01-2015,NO TRANSACTIONS DUE TO SATURDAY,,
04-01-2015,NO TRANSACTIONS DUE TO SUNDAY,,
05-01-2015,6300,8400,8000
06-01-2015,7200,8400,7900
07-01-2015,7000,8300,8000
08-01-2015,7200,8300,8000
09-01-2015,7200,8200,7900
10-01-2015,NO TRANSACTIONS DUE TO SATURDAY,,
11-01-2015,NO TRANSACTIONS DUE TO SUNDAY,,
12-01-2015,6900,8000,7700
13-01-2015,7000,7500,7200
14-01-2015,NO TRANSACTIONS DUE TO BOGHI,,
15-01-2015,NO TRANSACTIONS DUE TO SANKRANTHI,,
16-01-2015,NO TRANSACTIONS DUE TO KANUMA,,
17-01-2015,NO TRANSACTIONS DUE TO SATURDAY,,
18-01-2015,NO TRANSACTIONS DUE TO SUNDAY,,
19-01-2015,6800,7800,7500
20-01-2015,7000,7800,7500
21-01-2015,7000,7800,7500
22-01-2015,6700,7800,7500
23-01-2015,6500,7800,7400
24-01-2015,NO TRANSACTIONS DUE TO SATURDAY,,
25-01-2015,NO TRANSACTIONS DUE TO SUNDAY,,
26-01-2015,NO TRANSACTIONS DUE REPUBLIC DAY,,
27-01-2015,7000,7800,7500
28-01-2015,7000,7800,7500
29-01-2015,7000,7700,7300
30-01-2015,7000,7700,7400
31-01-2015,NO TRANSACTIONS DUE TO SATURDAY,,
01-02-2015,NO TRANSACTIONS DUE TO SUNDAY,,
02-02-2015,7000,7700,7400
03-02-2015,6700,7700,7400
04-02-2015,7000,7900,7600
05-02-2015,7000,7900,7600
06-02-2015,7300,7900,7600
07-02-2015,NO TRANSACTIONS DUE TO SATURDAY,,
08-02-2015,NO TRANSACTIONS DUE TO SUNDAY,,
09-02-2015,7000,8000,7700
10-02-2015,7000,7900,7600
11-02-2015,7000,7900,7600
12-02-2015,7000,7800,7600
13-02-2015,7000,7800,7500
14-02-2015,NO TRANSACTIONS DUE TO SATURDAY,,
15-02-2015,NO TRANSACTIONS DUE TO SUNDAY,,
16-02-2015,6500,7700,7300
17-02-2015,NO TRANSACTIONS DUE TO MAHASIVARATRI,,
18-02-2015,6800,7700,7400
19-02-2015,6900,7700,7400
20-02-2015,6900,7700,7400
21-02-2015,NO TRANSACTIONS DUE TO SATURDAY,,
22-02-2015,NO TRANSACTIONS DUE TO SUNDAY,,
23-02-2015,7000,7700,7400
24-02-2015,6500,7600,7300
25-02-2015,7000,7700,7400
26-02-2015,7000,7700,7400
27-02-2015,7000,7700,7400
28-02-2015,NO TRANSACTIONS DUE TO SATURDAY,,
01-03-2015,NO TRANSACTIONS DUE TO SUNDAY,,
02-03-2015,7000,7700,7400
03-03-2015,7000,7700,7400
04-03-2015,7000,7900,7600
05-03-2015,7000,7900,7600
06-03-2015,NO TRANSACTIONS DUE TO HOLI,,
07-03-2015,NO TRANSACTIONS DUE TO SATURDAY,,
08-03-2015,NO TRANSACTIONS DUE TO SUNDAY,,
09-03-2015,7000,7900,7600
10-03-2015,7000,7900,7600
11-03-2015,7000,8100,7800
12-03-2015,7000,8100,7800
13-03-2015,7000,8200,7900
14-03-2015,NO TRANSACTIONS DUE TO SATURDAY,,
15-03-2015,NO TRANSACTIONS DUE TO SUNDAY,,
16-03-2015,7500,8100,7800
17-03-2015,7000,8200,7900
18-03-2015,7500,8500,8200
19-03-2015,7500,8600,8300
20-03-2015,7700,8600,8300
21-03-2015,NO TRANSACTIONS DUE TO SATURDAY,,
22-03-2015,NO TRANSACTIONS DUE TO SUNDAY,,
23-03-2015,7500,8500,8200
24-03-2015,7500,8500,8200
25-03-2015,7500,8500,8200
26-03-2015,7500,8500,8200
27-03-2015,7500,8400,8100
28-03-2015,NO TRANSACTIONS DUE TO SATURDAY,,
29-03-2015,NO TRANSACTIONS DUE TO SUNDAY,,
30-03-2015,7500,8300,8000
31-03-2015,NO TRANSACTIONS DUE FINANCIAL YEAR CLOSING DAY,,
01-04-2015,7000,8300,8000
02-04-2015,'NO TRANSACTIONS DUE TO MAHAVEER JAYANTHI,,
03-04-2015,'NO TRANSACTIONS DUE TO GOOD FRIDAY,,
04-04-2015,NO TRANSACTIONS DUE TO SATURDAY,,
05-04-2015,NO TRANSACTIONS DUE TO SUNDAY,,
06-04-2015,7000,8300,8000
07-04-2015,7000,8300,8000
08-04-2015,7300,8300,8000
09-04-2015,7500,8300,8000
10-04-2015,7600,8400,8100
11-04-2015,NO TRANSACTIONS DUE TO SATURDAY,,
12-04-2015,NO TRANSACTIONS DUE TO SUNDAY,,
13-04-2015,7400,8400,8100
14-04-2015,NO TRANSACTIONS DUE TO Ambedkar's Jayanthi,,
15-04-2015,7500,8300,8000
16-04-2015,7000,8200,7900
17-04-2015,7500,8400,8100
18-04-2015,NO TRANSACTIONS DUE TO SATURDAY,,
19-04-2015,NO TRANSACTIONS DUE TO SUNDAY,,
20-04-2015,7500,8500,8200
21-04-2015,7500,8300,8000
22-04-2015,7500,8400,8100
23-04-2015,7500,8500,8200
24-04-2015,7500,8600,8300
25-04-2015,NO TRANSACTIONS DUE TO SATURDAY,,
26-04-2015,NO TRANSACTIONS DUE TO SUNDAY,,
27-04-2015,7500,8200,7900
28-04-2015,7700,8600,8300
29-04-2015,7500,8500,8200
30-04-2015,7500,8500,8200
01-05-2015,NO TRANSACTIONS DUE TO MAYDAY,,
02-05-2015,NO TRANSACTIONS DUE TO SATURDAY,,
03-05-2015,NO TRANSACTIONS DUE TO SUNDAY,,
04-05-2015,7600,8600,8300
05-05-2015,7600,8700,8400
06-05-2015,8000,8800,8500
07-05-2015,7500,8600,8300
08-05-2015,8000,8800,8500
09-05-2015,NO TRANSACTIONS DUE TO SATURDAY,,
10-05-2015,NO TRANSACTIONS DUE TO SUNDAY,,
11-05-2015,8000,8900,8600
12-05-2015,7000,8400,8100
13-05-2015,8000,9300,9000
14-05-2015,8500,9300,9000
15-05-2015,8500,9200,8900
16-05-2015,NO TRANSACTIONS DUE TO SATURDAY,,
17-05-2015,NO TRANSACTIONS DUE TO SUNDAY,,
18-05-2015,NO TRANSCTIONS DUE TO SUMMER HOLIDAYS,,
19-05-2015,NO TRANSCTIONS DUE TO SUMMER HOLIDAYS,,
20-05-2015,NO TRANSCTIONS DUE TO SUMMER HOLIDAYS,,
21-05-2015,NO TRANSCTIONS DUE TO SUMMER HOLIDAYS,,
22-05-2015,NO TRANSCTIONS DUE TO SUMMER HOLIDAYS,,
23-05-2015,NO TRANSCTIONS DUE TO SUMMER HOLIDAYS,,
24-05-2015,NO TRANSCTIONS DUE TO SUMMER HOLIDAYS,,
25-05-2015,NO TRANSCTIONS DUE TO SUMMER HOLIDAYS,,
26-05-2015,NO TRANSCTIONS DUE TO SUMMER HOLIDAYS,,
27-05-2015,NO TRANSCTIONS DUE TO SUMMER HOLIDAYS,,
28-05-2015,NO TRANSCTIONS DUE TO SUMMER HOLIDAYS,,
29-05-2015,NO TRANSCTIONS DUE TO SUMMER HOLIDAYS,,
30-05-2015,NO TRANSCTIONS DUE TO SUMMER HOLIDAYS,,
31-05-2015,NO TRANSCTIONS DUE TO SUMMER HOLIDAYS,,
01-06-2015,NO TRANSCTIONS DUE TO SUMMER HOLIDAYS,,
02-06-2015,NO TRANSCTIONS DUE TO SUMMER HOLIDAYS,,
03-06-2015,NO TRANSCTIONS DUE TO SUMMER HOLIDAYS,,
04-06-2015,NO TRANSCTIONS DUE TO SUMMER HOLIDAYS,,
05-06-2015,NO TRANSCTIONS DUE TO SUMMER HOLIDAYS,,
06-06-2015,NO TRANSCTIONS DUE TO SUMMER HOLIDAYS,,
07-06-2015,NO TRANSCTIONS DUE TO SUMMER HOLIDAYS,,
08-06-2015,7500,9500,9300
09-06-2015,7500,9600,9300
10-06-2015,7500,9500,9200
11-06-2015,7200,9400,9100
12-06-2015,7500,9600,9300
13-06-2015,NO TRANSACTIONS DUE TO SATURDAY,,
14-06-2015,NO TRANSACTIONS DUE TO SUNDAY,,
15-06-2015,                      ,9700,9400
16-06-2015,7000,9700,9200
17-06-2015,7000,9700,9400
18-06-2015,7000,9600,9300
19-06-2015,7000,9700,9200
20-06-2015,NO TRANSACTIONS DUE TO SATURDAY,,
21-06-2015,NO TRANSACTIONS DUE TO SUNDAY,,
22-06-2015,7000,9600,9100
23-06-2015,7000,9700,9400
24-06-2015,7000,9700,9400
25-06-2015,7000,9700,9000
26-06-2015,7700,9700,9400
27-06-2015,NO TRANSACTIONS DUE TO SATURDAY,,
28-06-2015,NO TRANSACTIONS DUE TO SUNDAY,,
29-06-2015,7600,9600,9300
30-06-2015,7600,9600,9300
01-07-2015,7500,9700,9400
02-07-2015,7500,9500,9100
03-07-2015,7500,9700,9400
04-07-2015,NO TRANSACTIONS DUE TO SATURDAY,,
05-07-2015,NO TRANSACTIONS DUE TO SUNDAY,,
06-07-2015,NO TRANSACTIONS,,
07-07-2015,7100,9500,9200
08-07-2015,7200,9600,9200
09-07-2015,7500,9700,9400
10-07-2015,7200,9800,9500
11-07-2015,NO TRANSACTIONS DUE TO SATURDAY,,
12-07-2015,NO TRANSACTIONS DUE TO SUNDAY,,
13-07-2015,7200,9800,9500
14-07-2015,7300,9900,9600
15-07-2015,7600,9900,9600
16-07-2015,7700,9700,9100
17-07-2015,7800,9700,9400
18-07-2015,NO TRANSACTIONS DUE TO SATURDAY,,
19-07-2015,NO TRANSACTIONS DUE TO SUNDAY,,
20-07-2015,7900,9900,9600
21-07-2015,7800,9800,9500
22-07-2015,6800,9700,9400
23-07-2015,6800,9900,9600
24-07-2015,7800,9900,9600
25-07-2015,NO TRANSACTIONS DUE TO SATURDAY,,
26-07-2015,NO TRANSACTIONS DUE TO SUNDAY,,
27-07-2015,7700,9900,9600
28-07-2015,NO TRANSACTIONS DUE TO SUNDAY,,
29-07-2015,7700,9900,9600
30-07-2015,7700,9900,9600
31-07-2015,7800,10000,9500
01-08-2015,NO TRANSACTIONS DUE TO SATURDAY,,
02-08-2015,NO TRANSACTIONS DUE TO SUNDAY,,
03-08-2015,7700,9900,9500
04-08-2015,7800,9900,9600
05-08-2015,8000,10100,9700
06-08-2015,8000,10000,9400
07-08-2015,8100,10100,9800
08-08-2015,NO TRANSACTIONS DUE TO SATURDAY,,
09-08-2015,NO TRANSACTIONS DUE TO SUNDAY,,
10-08-2015,8000,10100,9800
11-08-2015,'NO TRANSACTIONS ,,
12-08-2015,7600,10200,9700
13-08-2015,7700,10400,10100
14-08-2015,7700,10400,10100
15-08-2015,NO TRANSACTIONS DUE TO SATURDAY,,
16-08-2015,NO TRANSACTIONS DUE TO SUNDAY,,
17-08-2015,7700,10600,10300
18-08-2015,7700,10700,10000
19-08-2015,7700,10800,10500
20-08-2015,7700,10500,10200
21-08-2015,7900,11000,10500
22-08-2015,NO TRANSACTIONS DUE TO SATURDAY,,
23-08-2015,NO TRANSACTIONS DUE TO SUNDAY,,
24-08-2015,7800,10700,10100
25-08-2015,7800,10900,10600
26-08-2015,7800,10900,10600
27-08-2015,7800,10700,10300
28-08-2015,7800,10800,10500
29-08-2015,NO TRANSACTIONS DUE TO SATURDAY,,
30-08-2015,NO TRANSACTIONS DUE TO SUNDAY,,
31-08-2015,7700,10800,10500
01-09-2015,7900,10900,10600
02-09-2015,'NO TRANSACTIONS ,,
03-09-2015,8000,11200,10000
04-09-2015,9000,11600,11300
05-09-2015,NO TRANSACTIONS DUE TO SATURDAY,,
06-09-2015,NO TRANSACTIONS DUE TO SUNDAY,,
07-09-2015,9000,12200,11900
08-09-2015,9000,12000,11400
09-09-2015,8900,11600,11300
10-09-2015,8100,11200,10900
11-09-2015,7700,11200,10900
12-09-2015,NO TRANSACTIONS DUE TO SATURDAY,,
13-09-2015,NO TRANSACTIONS DUE TO SUNDAY,,
14-09-2015,7800,10700,10200
15-09-2015,7700,11100,9900
16-09-2015,7600,11000,10700
17-09-2015,'NO TRANSACTIONS DUE TO VINAYAKACHAVITI,,
18-09-2015,7600,11000,10700
19-09-2015,NO TRANSACTIONS DUE TO SATURDAY,,
20-09-2015,NO TRANSACTIONS DUE TO SUNDAY,,
21-09-2015,7500,11200,10900
22-09-2015,7500,11200,10800
23-09-2015,7600,11500,11000
24-09-2015,7700,11800,11400
25-09-2015,NO TRANSACTIONS DUE TO BAKRID,,
26-09-2015,NO TRANSACTIONS DUE TO SATURDAY,,
27-09-2015,NO TRANSACTIONS DUE TO SUNDAY,,
28-09-2015,7600,11000,10700
29-09-2015,7500,11500,10700
30-09-2015,7400,11200,10900
01-10-2015,7400,11200,11000
02-10-2015,NO TRANSACTIONS DUE TO GANDHI JAYANTHI,,
03-10-2015,NO TRANSACTIONS DUE TO SATURDAY,,
04-10-2015,NO TRANSACTIONS DUE TO SUNDAY,,
05-10-2015,7800,11000,10700
06-10-2015,7800,11000,10700
07-10-2015,7600,10800,10500
08-10-2015,7900,10500,10200
09-10-2015,8000,10500,10100
10-10-2015,NO TRANSACTIONS DUE TO SATURDAY,,
11-10-2015,NO TRANSACTIONS DUE TO SUNDAY,,
12-10-2015,8000,10500,10200
13-10-2015,8200,10700,10400
14-10-2015,8000,10500,10200
15-10-2015,8000,10500,10100
16-10-2015,8000,10700,10300
17-10-2015,NO TRANSACTIONS DUE TO SATURDAY,,
18-10-2015,NO TRANSACTIONS DUE TO SUNDAY,,
19-10-2015,8000,10800,10500
20-10-2015,NO TRANSACTIONS DUE TO DURGASTAMI,,
21-10-2015,8000,11300,11000
22-10-2015,NO TRANSACTIONS DUE TO DASARA,,
23-10-2015,NO TRANSACTIONS ,,
24-10-2015,NO TRANSACTIONS DUE TO SATURDAY,,
25-10-2015,NO TRANSACTIONS DUE TO SUNDAY,,
26-10-2015,8000,11500,11200
27-10-2015,8000,11600,11300
28-10-2015,8100,11600,11200
29-10-2015,8100,11700,11400
30-10-2015,8000,11600,11300
31-10-2015,NO TRANSACTIONS DUE TO SATURDAY,,
01-11-2015,NO TRANSACTIONS DUE TO SUNDAY,,
02-11-2015,10100,11400,11000
03-11-2015,6700,12700,12200
04-11-2015,6800,13700,12500
05-11-2015,5300,12300,9500
06-11-2015,5500,12200,10600
07-11-2015,NO TRANSACTIONS DUE TO SATURDAY,,
08-11-2015,NO TRANSACTIONS DUE TO SUNDAY,,
09-11-2015,6500,12400,9900
10-11-2015,6200,12200,9400
11-11-2015,NO TRANSACTIONS,,
12-11-2015,7700,12500,12000
13-11-2015,5500,12400,10100
14-11-2015,NO TRANSACTIONS DUE TO SATURDAY,,
15-11-2015,NO TRANSACTIONS DUE TO SUNDAY,,
16-11-2015,6600,11600,11300
17-11-2015,6200,11600,9200
18-11-2015,5800,12500,9400
19-11-2015,6000,11600,9900
20-11-2015,5000,11600,10000
21-11-2015,NO TRANSACTIONS DUE TO SATURDAY,,
22-11-2015,NO TRANSACTIONS DUE TO SUNDAY,,
23-11-2015,5500,11600,9400
24-11-2015,5700,12200,11500
25-11-2015,5500,11800,11600
26-11-2015,5700,12500,9700
27-11-2015,5300,14000,9100
28-11-2015,NO TRANSACTIONS DUE TO SATURDAY,,
29-11-2015,NO TRANSACTIONS DUE TO SUNDAY,,
30-11-2015,5200,12300,11500
01-12-2015,5400,11900,9200
02-12-2015,5300,11500,11300
03-12-2015,5300,11500,10600
04-12-2015,5400,11900,10900
05-12-2015,NO TRANSACTIONS DUE TO SATURDAY,,
06-12-2015,NO TRANSACTIONS DUE TO SUNDAY,,
07-12-2015,NO TRANSACTIONS DUE TO C.A BUNDH ON BEHALF OF FAMERS,,
08-12-2015,NO TRANSACTIONS DUE TO COMMISSION AGENTS BUNDH,,
09-12-2015,4000,12500,9900
10-12-2015,5100,11700,9800
11-12-2015,5000,12000,9900
12-12-2015,NO TRANSACTIONS DUE TO SATURDAY,,
13-12-2015,NO TRANSACTIONS DUE TO SUNDAY,,
14-12-2015,5000,12200,9700
15-12-2015,5300,12500,9200
16-12-2015,5000,12800,9800
17-12-2015,5500,12300,9700
18-12-2015,5000,12000,10500
19-12-2015,NO TRANSACTIONS DUE TO SATURDAY,,
20-12-2015,NO TRANSACTIONS DUE TO SUNDAY,,
21-12-2015,4300,13200,10100
22-12-2015,5000,14500,10500
23-12-2015,4800,13700,11000
24-12-2015,NO TRANSACTIONS DUE TO MILADULNABI,,
25-12-2015,NO TRANSACTIONS DUE TO XMAS,,
26-12-2015,NO TRANSACTIONS DUE TO SATURDAY,,
27-12-2015,NO TRANSACTIONS DUE TO SUNDAY,,
28-12-2015,4500,12600,8700
29-12-2015,5000,14000,11500
30-12-2015,5100,12300,9000
31-12-2015,3000,13000,9600
01-01-2016,3800,12500,9100
02-01-2016,NO TRANSACTIONS DUE TO SATURDAY,,
03-01-2016,NO TRANSACTIONS DUE TO SUNDAY,,
04-01-2016,5100,12500,11500
05-01-2016,4000,11300,8600
06-01-2016,5300,12100,11000
07-01-2016,4500,12500,8900
08-01-2016,4000,12500,9400
09-01-2016,NO TRANSACTIONS DUE TO SATURDAY,,
10-01-2016,NO TRANSACTIONS DUE TO SUNDAY,,
11-01-2016,3800,12800,8300
12-01-2016,3500,11800,8900
13-01-2016,6000,11200,8800
14-01-2016,NO TRANSACTIONS DUE TO BOGHI,,
15-01-2016,NO TRANSACTIONS DUE TO SANKRANTHI,,
16-01-2016,NO TRANSACTIONS DUE TO KANUMA,,
17-01-2016,NO TRANSACTIONS DUE TO SUNDAY,,
18-01-2016,6000,11800,8900
19-01-2016,5300,12400,9100
20-01-2016,5400,12100,9100
21-01-2016,6400,12300,9300
22-01-2016,7000,12300,9500
23-01-2016,NO TRANSACTIONS DUE TO SATURDAY,,
24-01-2016,NO TRANSACTIONS DUE TO SUNDAY,,
25-01-2016,7000,11700,9200
26-01-2016,NO TRANSACTIONS DUE TO SATURDAY,,
27-01-2016,7000,12200,9600
28-01-2016,7000,12500,9600
29-01-2016,7000,11500,9700
30-01-2016,NO TRANSACTIONS DUE TO SATURDAY,,
31-01-2016,NO TRANSACTIONS DUE TO SUNDAY,,
01-02-2016,7000,13000,10100
02-02-2016,7000,13800,10600
03-02-2016,7000,14500,11300
04-02-2016,7000,14400,11000
05-02-2016,7000,13700,10500
06-02-2016,NO TRANSACTIONS DUE TO SATURDAY,,
07-02-2016,NO TRANSACTIONS DUE TO SUNDAY,,
08-02-2016,7000,13200,10500
09-02-2016,7000,14500,10400
10-02-2016,7000,15500,11200
11-02-2016,7000,14000,11500
12-02-2016,7000,15000,11300
13-02-2016,NO TRANSACTIONS DUE TO SATURDAY,,
14-02-2016,NO TRANSACTIONS DUE TO SUNDAY,,
15-02-2016,7000,14300,10800
16-02-2016,7000,15000,11300
17-02-2016,7000,15000,11700
18-02-2016,7000,15000,11700
19-02-2016,7000,14900,11800
20-02-2016,NO TRANSACTIONS DUE TO SATURDAY,,
21-02-2016,NO TRANSACTIONS DUE TO SUNDAY,,
22-02-2016,7000,15100,11500
23-02-2016,7000,15100,11500
24-02-2016,7000,14700,11800
25-02-2016,7000,15000,11900
26-02-2016,7000,14000,11700
27-02-2016,NO TRANSACTIONS DUE TO SATURDAY,,
28-02-2016,NO TRANSACTIONS DUE TO SUNDAY,,
29-02-2016,7000,14000,11300
01-03-2016,7000,13600,11300
02-03-2016,7000,13500,11100
03-03-2016,7000,13500,11000
04-03-2016,7000,14000,11200
05-03-2016,NO TRANSACTIONS DUE TO SATURDAY,,
06-03-2016,NO TRANSACTIONS DUE TO SUNDAY,,
07-03-2016,NO TRANSACTIONS DUE TO SIVARATRI,,
08-03-2016,7000,13800,11300
09-03-2016,7000,13500,11200
10-03-2016,7000,13500,11100
11-03-2016,7000,13500,11100
12-03-2016,NO TRANSACTIONS DUE TO SATURDAY,,
13-03-2016,NO TRANSACTIONS DUE TO SUNDAY,,
14-03-2016,7000,15000,11300
15-03-2016,7000,15200,11200
16-03-2016,7000,15000,11300
17-03-2016,7000,13500,11000
18-03-2016,7000,13000,11100
19-03-2016,NO TRANSACTIONS DUE TO SATURDAY,,
20-03-2016,NO TRANSACTIONS DUE TO SUNDAY,,
21-03-2016,7000,13600,10900
22-03-2016,7000,13500,10700
23-03-2016,7000,14000,10800
24-03-2016,NO TRANSACTIONS DUE TO YARD HOLIDAY,,
25-03-2016,NO TRANSACTIONS DUE TO GOOD FRIDAY,,
26-03-2016,NO TRANSACTIONS DUE TO SATURDAY,,
27-03-2016,NO TRANSACTIONS DUE TO SUNDAY,,
28-03-2016,7000,13000,10300
29-03-2016,7000,14000,10000
30-03-2016,NO TRANSACTIONS DUE TO YEAR ENDING,,
31-03-2016,NO TRANSACTIONS DUE TO YEAR ENDING,,
01-04-2016,7000,14600,9900
02-04-2016,NO TRANSACTIONS DUE TO SATURDAY,,
03-04-2016,NO TRANSACTIONS DUE TO SUNDAY,,
04-04-2016,7000,12800,9800
05-04-2016,NO TRANSACTIONS DUE TO JAGJEEVANRAM JAYANTHI,,
06-04-2016,7000,14000,9700
07-04-2016,7000,12500,9600
08-04-2016,NO TRANSACTIONS DUE TO UGGADI,,
09-04-2016,NO TRANSACTIONS DUE TO SATURDAY,,
10-04-2016,NO TRANSACTIONS DUE TO SUNDAY,,
11-04-2016,7000,13000,9600
12-04-2016,7000,13800,9700
13-04-2016,7000,13100,10000
14-04-2016,NO TRANSACTIONS DUE TO Ambedkar's Jayanthi,,
15-04-2016,NO TRANSACTIONS DUE TO SATURDAY,,
16-04-2016,NO TRANSACTIONS DUE TO SUNDAY,,
17-04-2016,3500,7700,6100
18-04-2016,3500,10700,6200
19-04-2016,3500,8500,6200
20-04-2016,3500,7500,6400
21-04-2016,3500,7700,6200
22-04-2016,NO TRANSACTIONS DUE TO SATURDAY,,
23-04-2016,NO TRANSACTIONS DUE TO SUNDAY,,
24-04-2016,3500,7600,6100
25-04-2016,3500,8200,5800
26-04-2016,3500,10000,5800
27-04-2016,3500,10100,5400
28-04-2016,3500,7500,5300
29-04-2016,NO TRANSACTIONS DUE TO SATURDAY,,
30-04-2016,NO TRANSACTIONS DUE TO SUNDAY,,
01-05-2016,NO TRANSACTIONS DUE TO SATURDAY,,
02-05-2016,7000,14500,9700
03-05-2016,7000,15100,9300
04-05-2016,7000,15000,11600
05-05-2016,7000,15000,11300
06-05-2016,7000,16200,9800
07-05-2016,NO TRANSACTIONS DUE TO SATURDAY,,
08-05-2016,NO TRANSACTIONS DUE TO SUNDAY,,
09-05-2016,7000,13200,9500
10-05-2016,NO TRANSCTIONS DUE TO SUMMER HOLIDAYS,,
11-05-2016,NO TRANSCTIONS DUE TO SUMMER HOLIDAYS,,
12-05-2016,NO TRANSCTIONS DUE TO SUMMER HOLIDAYS,,
13-05-2016,NO TRANSCTIONS DUE TO SUMMER HOLIDAYS,,
14-05-2016,NO TRANSCTIONS DUE TO SUMMER HOLIDAYS,,
15-05-2016,NO TRANSCTIONS DUE TO SUMMER HOLIDAYS,,
16-05-2016,NO TRANSCTIONS DUE TO SUMMER HOLIDAYS,,
17-05-2016,NO TRANSCTIONS DUE TO SUMMER HOLIDAYS,,
18-05-2016,NO TRANSCTIONS DUE TO SUMMER HOLIDAYS,,
19-05-2016,NO TRANSCTIONS DUE TO SUMMER HOLIDAYS,,
20-05-2016,NO TRANSCTIONS DUE TO SUMMER HOLIDAYS,,
21-05-2016,NO TRANSCTIONS DUE TO SUMMER HOLIDAYS,,
22-05-2016,NO TRANSCTIONS DUE TO SUMMER HOLIDAYS,,
23-05-2016,NO TRANSCTIONS DUE TO SUMMER HOLIDAYS,,
24-05-2016,NO TRANSCTIONS DUE TO SUMMER HOLIDAYS,,
25-05-2016,NO TRANSCTIONS DUE TO SUMMER HOLIDAYS,,
26-05-2016,NO TRANSCTIONS DUE TO SUMMER HOLIDAYS,,
27-05-2016,NO TRANSCTIONS DUE TO SUMMER HOLIDAYS,,
28-05-2016,NO TRANSCTIONS DUE TO SUMMER HOLIDAYS,,
29-05-2016,NO TRANSCTIONS DUE TO SUMMER HOLIDAYS,,
30-05-2016,NO TRANSCTIONS DUE TO SUMMER HOLIDAYS,,
31-05-2016,NO TRANSCTIONS DUE TO SUMMER HOLIDAYS,,
01-06-2016,NO TRANSCTIONS DUE TO SUMMER HOLIDAYS,,
02-06-2016,NO TRANSCTIONS DUE TO SUMMER HOLIDAYS,,
03-06-2016,NO TRANSCTIONS DUE TO SUMMER HOLIDAYS,,
04-06-2016,NO TRANSCTIONS DUE TO SUMMER HOLIDAYS,,
05-06-2016,NO TRANSCTIONS DUE TO SUMMER HOLIDAYS,,
06-06-2016,7000,14700,10100
07-06-2016,6000,14100,10000
08-06-2016,7000,14000,9800
09-06-2016,7000,14100,10300
10-06-2016,7000,14000,10500
11-06-2016,NO TRANSACTIONS DUE TO SATURDAY,,
12-06-2016,NO TRANSACTIONS DUE TO SUNDAY,,
13-06-2016,7000,14700,9700
14-06-2016,12500,12800,12500
15-06-2016,NO TRANSACTIONS DUE TO COMMISSION AGENTS BUNDH,,
16-06-2016,NO TRANSACTIONS DUE TO COMMISSION AGENTS BUNDH,,
17-06-2016,NO TRANSACTIONS DUE TO COMMISSION AGENTS BUNDH,,
18-06-2016,NO TRANSACTIONS DUE TO SATURDAY,,
19-06-2016,NO TRANSACTIONS DUE TO SUNDAY,,
20-06-2016,7000,14100,10000
21-06-2016,6000,15500,10300
22-06-2016,5400,14100,9800
23-06-2016,5900,13500,10000
24-06-2016,5500,14000,10100
25-06-2016,NO TRANSACTIONS DUE TO SATURDAY,,
26-06-2016,NO TRANSACTIONS DUE TO SUNDAY,,
27-06-2016,4500,13800,10200
28-06-2016,6000,13700,10000
29-06-2016,5900,14100,10300
30-06-2016,6500,13800,10000
01-07-2016,6800,15000,10400
02-07-2016,NO TRANSACTIONS DUE TO SATURDAY,,
03-07-2016,NO TRANSACTIONS DUE TO SUNDAY,,
04-07-2016,12700,9900,8500
05-07-2016,12900,9500,6500
06-07-2016,13500,9700,11000
07-07-2016,NO TRANSACTIONS DUE TO RAMZAN,,
08-07-2016,5000,14100,10400
09-07-2016,NO TRANSACTIONS DUE TO SATURDAY,,
10-07-2016,NO TRANSACTIONS DUE TO SUNDAY,,
11-07-2016,5000,13900,10100
12-07-2016,5900,14000,10500
13-07-2016,6000,14000,10600
14-07-2016,5000,14200,10400
15-07-2016,5000,14100,10800
16-07-2016,NO TRANSACTIONS DUE TO SATURDAY,,
17-07-2016,NO TRANSACTIONS DUE TO SUNDAY,,
18-07-2016,6000,14100,10900
19-07-2016,5200,14000,10300
20-07-2016,5500,14000,10700
21-07-2016,5000,14300,10500
22-07-2016,7000,16000,10400
23-07-2016,NO TRANSACTIONS DUE TO SATURDAY,,
24-07-2016,NO TRANSACTIONS DUE TO SUNDAY,,
25-07-2016,6300,16500,10800
26-07-2016,6100,15000,10600
27-07-2016,4500,14000,10500
28-07-2016,5100,14000,10600
29-07-2016,5000,13100,10400
30-07-2016,NO TRANSACTIONS DUE TO SATURDAY,,
31-07-2016,NO TRANSACTIONS DUE TO SUNDAY,,
01-08-2016,5500,14200,10200
02-08-2016,9800,13000,11300
03-08-2016,5300,14300,10300
04-08-2016,6000,14500,10300
05-08-2016,5000,14400,10900
06-08-2016,NO TRANSACTIONS DUE TO SATURDAY,,
07-08-2016,NO TRANSACTIONS DUE TO SUNDAY,,
08-08-2016,5300,14400,10900
09-08-2016,5700,15500,10200
10-08-2016,5400,14400,10500
11-08-2016,5100,16000,10300
12-08-2016,5600,14100,10900
13-08-2016,NO TRANSACTIONS DUE TO SATURDAY,,
14-08-2016,NO TRANSACTIONS DUE TO SUNDAY,,
15-08-2016,NO TRANSACTIONS DUE TO INDIPENDENCEDAY,,
16-08-2016,5400,14100,11200
17-08-2016,4700,15500,10200
18-08-2016,5500,16300,10100
19-08-2016,6300,15200,11100
20-08-2016,NO TRANSACTIONS DUE TO SATURDAY,,
21-08-2016,NO TRANSACTIONS DUE TO SUNDAY,,
22-08-2016,6000,14800,11200
23-08-2016,6000,14700,11200
24-08-2016,5000,15000,10600
25-08-2016,NO TRANSACTIONS DUE TO KRISHNASTAMI,,
26-08-2016,5500,15000,10300
27-08-2016,NO TRANSACTIONS DUE TO SATURDAY,,
28-08-2016,NO TRANSACTIONS DUE TO SUNDAY,,
29-08-2016,5200,14600,10300
30-08-2016,3600,14600,10100
31-08-2016,5000,14800,10500
01-09-2016,5500,14800,10600
02-09-2016,9100,11000,9800
03-09-2016,NO TRANSACTIONS DUE TO SATURDAY,,
04-09-2016,NO TRANSACTIONS DUE TO SUNDAY,,
05-09-2016,NO TRANSACTIONS DUE TO VINAYAKACHAVITI,,
06-09-2016,7000,13100,11000
07-09-2016,4400,15000,10500
08-09-2016,5100,13000,10500
09-09-2016,6000,15800,11200
10-09-2016,NO TRANSACTIONS DUE TO SATURDAY,,
11-09-2016,NO TRANSACTIONS DUE TO SUNDAY,,
12-09-2016,5600,15400,11100
13-09-2016,NO TRANSACTIONS DUE TO BAKRID,,
14-09-2016,6500,14500,10500
15-09-2016,5600,15100,10900
16-09-2016,6000,14300,10100
17-09-2016,NO TRANSACTIONS DUE TO SATURDAY,,
18-09-2016,NO TRANSACTIONS DUE TO SUNDAY,,
19-09-2016,5300,15100,10800
20-09-2016,5400,14600,10300
21-09-2016,6000,15100,10700
22-09-2016,5000,16000,10800
23-09-2016,6000,12900,10800
24-09-2016,NO TRANSACTIONS DUE TO SATURDAY,,
25-09-2016,NO TRANSACTIONS DUE TO SUNDAY,,
26-09-2016,5600,15500,10100
27-09-2016,5200,15100,10300
28-09-2016,4800,15300,10300
29-09-2016,5100,14000,10400
30-09-2016,6000,14500,11200
01-10-2016,NO TRANSACTIONS DUE TO SATURDAY,,
02-10-2016,NO TRANSACTIONS DUE TO SUNDAY,,
03-10-2016,3800,14500,9500
04-10-2016,6500,13000,11200
05-10-2016,5400,13000,10300
06-10-2016,5300,13500,10100
07-10-2016,4800,14000,10400
08-10-2016,NO TRANSACTIONS DUE TO SATURDAY,,
09-10-2016,NO TRANSACTIONS DUE TO SUNDAY,,
10-10-2016,7000,12900,10100
11-10-2016,NO TRANSACTIONS DUE TO DASARA,,
12-10-2016,NO TRANSACTIONS DUE TO MOHARAM,,
13-10-2016,5800,15800,10700
14-10-2016,5200,13000,10800
15-10-2016,NO TRANSACTIONS DUE TO SATURDAY,,
16-10-2016,NO TRANSACTIONS DUE TO SUNDAY,,
17-10-2016,6100,15200,10500
18-10-2016,5100,14900,10000
19-10-2016,5100,15600,10200
20-10-2016,5500,14800,9900
21-10-2016,6200,14800,10700
22-10-2016,NO TRANSACTIONS DUE TO DASARA,,
23-10-2016,NO TRANSACTIONS DUE TO MOHARAM,,
24-10-2016,5400,12300,10300
25-10-2016,5100,14200,10400
26-10-2016,4900,12600,10100
27-10-2016,6000,13500,10200
28-10-2016,5200,15300,9700
29-10-2016,NO TRANSACTIONS DUE TO DASARA,,
30-10-2016,NO TRANSACTIONS DUE TO MOHARAM,,
31-10-2016,5200,13700,10100
01-11-2016,4000,14800,10100
02-11-2016,5800,14900,10100
03-11-2016,4000,15000,10200
04-11-2016,5500,13000,10500
05-11-2016,NO TRANSACTIONS DUE TO SATURDAY,,
06-11-2016,NO TRANSACTIONS DUE TO SUNDAY,,
07-11-2016,5700,12200,10500
08-11-2016,4200,14300,10100
09-11-2016,5700,14000,10200
10-11-2016,6300,14800,10800
11-11-2016,5800,12000,10200
12-11-2016,NO TRANSACTIONS DUE TO SATURDAY,,
13-11-2016,NO TRANSACTIONS DUE TO SUNDAY,,
14-11-2016,5200,12100,10700
15-11-2016,4500,13000,10700
16-11-2016,3500,12500,10600
17-11-2016,3000,13000,10900
18-11-2016,5100,12200,10700
19-11-2016,NO TRANSACTIONS DUE TO SATURDAY,,
20-11-2016,NO TRANSACTIONS DUE TO SUNDAY,,
21-11-2016,4500,12400,10500
22-11-2016,6000,12600,11000
23-11-2016,6000,14000,11100
24-11-2016,5800,12800,10900
25-11-2016,5000,12800,11200
26-11-2016,NO TRANSACTIONS DUE TO SATURDAY,,
27-11-2016,NO TRANSACTIONS DUE TO SUNDAY,,
28-11-2016,5500,12800,11400
29-11-2016,6000,13000,11900
30-11-2016,4000,12900,11300
01-12-2016,5500,13500,11400
02-12-2016,5500,12900,12000
03-12-2016,NO TRANSACTIONS DUE TO SATURDAY,,
04-12-2016,NO TRANSACTIONS DUE TO SUNDAY,,
05-12-2016,5700,15000,10800
06-12-2016,5200,12700,11000
07-12-2016,3800,12800,11100
08-12-2016,5500,12700,11200
09-12-2016,5200,12700,11300
10-12-2016,NO TRANSACTIONS DUE TO SATURDAY,,
11-12-2016,NO TRANSACTIONS DUE TO SUNDAY,,
12-12-2016,NO TRANSACTIONS DUE TO MILADULNABI,,
13-12-2016,5500,12500,11000
14-12-2016,5200,13500,10400
15-12-2016,4500,12600,10600
16-12-2016,5500,12500,10900
17-12-2016,NO TRANSACTIONS DUE TO SATURDAY,,
18-12-2016,NO TRANSACTIONS DUE TO SUNDAY,,
19-12-2016,5000,12600,11000
20-12-2016,5000,12600,11100
21-12-2016,5000,12700,11200
22-12-2016,5000,12700,11000
23-12-2016,5000,12700,11300
24-12-2016,NO TRANSACTIONS DUE TO SATURDAY,,
25-12-2016,NO TRANSACTIONS DUE TO SUNDAY,,
26-12-2016,4000,12600,11000
27-12-2016,5000,12600,11000
28-12-2016,5000,12500,10800
29-12-2016,5800,12400,11200
30-12-2016,5400,12300,11100
31-12-2016,NO TRANSACTIONS DUE TO SATURDAY,,
01-01-2017,NO TRANSACTIONS DUE TO SUNDAY,,
02-01-2017,3000,12300,11000
03-01-2017,5000,15000,11100
04-01-2017,6000,12300,10300
05-01-2017,5200,12200,11200
06-01-2017,5200,12200,11100
07-01-2017,NO TRANSACTIONS DUE TO SATURDAY,,
08-01-2017,NO TRANSACTIONS DUE TO SUNDAY,,
09-01-2017,5000,12100,10500
10-01-2017,5000,15500,10100
11-01-2017,5000,11200,10000
12-01-2017,5000,11200,9800
13-01-2017,,,NO TRANSACTIONS DUE TO BOGI
14-01-2017,NO TRANSACTIONS DUE TO SATURDAY,,
15-01-2017,NO TRANSACTIONS DUE TO SUNDAY,,
16-01-2017,5000,11500,10100
17-01-2017,5000,11200,9800
18-01-2017,5000,12500,10300
19-01-2017,5000,11300,10500
20-01-2017,5000,11200,10300
21-01-2017,NO TRANSACTIONS DUE TO SATURDAY,,
22-01-2017,NO TRANSACTIONS DUE TO SUNDAY,,
23-01-2017,5000,15000,10000
24-01-2017,5000,11300,10000
25-01-2017,5000,11000,9600
26-01-2017,NO TRANSACTIONS DUE TO REPUBLICDAY,,
27-01-2017,5000,11000,10000
28-01-2017,NO TRANSACTIONS DUE TO SATURDAY,,
29-01-2017,NO TRANSACTIONS DUE TO SUNDAY,,
30-01-2017,5000,12000,9600
31-01-2017,5000,11000,9800
01-02-2017,5000,11000,9500
02-02-2017,5000,14000,9100
03-02-2017,5000,10400,8600
04-02-2017,NO TRANSACTIONS DUE TO SATURDAY,,
05-02-2017,NO TRANSACTIONS DUE TO SUNDAY,,
06-02-2017,5000,10900,8200
07-02-2017,5000,12000,8200
08-02-2017,5000,10600,8000
09-02-2017,5000,10400,8000
10-02-2017,5000,9000,7800
11-02-2017,NO TRANSACTIONS DUE TO SATURDAY,,
12-02-2017,NO TRANSACTIONS DUE TO SUNDAY,,
13-02-2017,5000,13500,7500
14-02-2017,5000,8800,7400
15-02-2017,5000,8700,7300
16-02-2017,5000,8900,7300
17-02-2017,5000,9000,7200
18-02-2017,NO TRANSACTIONS DUE TO SATURDAY,,
19-02-2017,NO TRANSACTIONS DUE TO SUNDAY,,
20-02-2017,5000,8500,7300
21-02-2017,5000,12200,7300
22-02-2017,5000,8900,7500
23-02-2017,5000,13000,7700
24-02-2017,NO TRANSACTIONS DUE TO SIVARATRI,,
25-02-2017,NO TRANSACTIONS DUE TO SATURDAY,,
26-02-2017,NO TRANSACTIONS DUE TO SUNDAY,,
27-02-2017,5000,10000,7600
28-02-2017,5000,9800,7700
01-03-2017,5000,9900,7900
02-03-2017,5000,13000,7900
03-03-2017,5000,10000,7700
04-03-2017,NO TRANSACTIONS DUE TO SATURDAY,,
05-03-2017,NO TRANSACTIONS DUE TO SUNDAY,,
06-03-2017,5000,9200,7500
07-03-2017,5000,8300,7600
08-03-2017,5000,8800,7500
09-03-2017,5000,9100,7500
10-03-2017,5000,13000,7500
11-03-2017,NO TRANSACTIONS DUE TO SATURDAY,,
12-03-2017,NO TRANSACTIONS DUE TO SUNDAY,,
13-03-2017,5000,12800,7500
14-03-2017,5000,8600,7500
15-03-2017,5000,11000,7500
16-03-2017,5000,12300,7300
17-03-2017,5000,9800,7200
18-03-2017,NO TRANSACTIONS DUE TO SATURDAY,,
19-03-2017,NO TRANSACTIONS DUE TO SUNDAY,,
20-03-2017,5000,9000,6800
21-03-2017,3500,9200,6600
22-03-2017,3500,8500,6500
23-03-2017,3500,11200,6600
24-03-2017,3500,8000,6700
25-03-2017,NO TRANSACTIONS DUE TO SATURDAY,,
26-03-2017,NO TRANSACTIONS DUE TO SUNDAY,,
27-03-2017,3500,7800,6600
28-03-2017,3500,10500,6500
29-03-2017,NO TRANSACTIONS DUE TO UGADI,,
30-03-2017,3500,11500,6300
31-03-2017,NO TRANSACTIONS DUE TO YEAR ENDING,,
01-04-2017,NO TRANSACTIONS DUE TO SATURDAY,,
02-04-2017,NO TRANSACTIONS DUE TO SUNDAY,,
03-04-2017,3500,10300,6200
04-04-2017,3500,10200,5600
05-04-2017,NO TRANSACTIONS DUE TO SRIRAMANAVAMI,,
06-04-2017,3500,7600,5500
07-04-2017,3500,9600,5700
08-04-2017,NO TRANSACTIONS DUE TO SATURDAY,,
09-04-2017,NO TRANSACTIONS DUE TO SUNDAY,,
10-04-2017,3500,7300,5800
11-04-2017,3500,9900,5800
12-04-2017,3500,8000,6000
13-04-2017,3500,11000,6100
14-04-2017,NO TRANSACTIONS DUE TO Ambedkar's Jayanthi,,
15-04-2017,NO TRANSACTIONS DUE TO SATURDAY,,
16-04-2017,NO TRANSACTIONS DUE TO SUNDAY,,
17-04-2017,3500,7700,6100
18-04-2017,3500,10700,6200
19-04-2017,3500,8500,6200
20-04-2017,3500,7500,6400
21-04-2017,3500,7700,6200
22-04-2017,NO TRANSACTIONS DUE TO SATURDAY,,
23-04-2017,NO TRANSACTIONS DUE TO SUNDAY,,
24-04-2017,3500,7600,6100
25-04-2017,3500,8200,5800
26-04-2017,3500,10000,5800
27-04-2017,3500,10100,5400
28-04-2017,3500,7500,5300
29-04-2017,NO TRANSACTIONS DUE TO SATURDAY,,
30-04-2017,NO TRANSACTIONS DUE TO SUNDAY,,
01-05-2017,NO TRANSACTIONS DUE TO MAYDAY,,
02-05-2017,2000,7300,5100
03-05-2017,2000,9700,4900
04-05-2017,2000,8300,4800
05-05-2017,2000,8100,4600
06-05-2017,2000,9500,4600
07-05-2017,NO TRANSACTIONS DUE TO SUNDAY,,
08-05-2017,2000,8200,4400
09-05-2017,2000,9300,3900
10-05-2017,2000,8100,3700
11-05-2017,1500,10500,3400
12-05-2017,1500,9600,3200
13-05-2017,1500,9200,3200
14-05-2017,NO TRANSACTIONS DUE TO SUNDAY,,
15-05-2017,2500,8200,3600
16-05-2017,1500,8000,3400
17-05-2017,1500,7800,3400
18-05-2017,1600,7500,2900
19-05-2017,1700,7800,5200
20-05-2017,1800,8000,4400
21-05-2017,NO TRANSACTIONS DUE TO SUNDAY,,
22-05-2017,1600,8200,6600
23-05-2017,1600,4000,3100
24-05-2017,1800,8000,4200
25-05-2017,1800,7900,4300
26-05-2017,1500,8000,4100
27-05-2017,2500,3800,3400
28-05-2017,NO TRANSACTIONS DUE TO SUNDAY,,
29-05-2017,1600,4200,3200
30-05-2017,1500,5300,3500
31-05-2017,2000,4000,3200
01-06-2017,3500,4100,3800
02-06-2017,1700,3200,2900
03-06-2017,3000,3000,3000
04-06-2017,NO TRANSACTIONS DUE TO SUNDAY,,
05-06-2017,1600,8000,3900
06-06-2017,1500,7900,3700
07-06-2017,1500,8000,3900
08-06-2017,1500,8000,4100
09-06-2017,1800,8000,4100
10-06-2017,NO TRANSACTIONS DUE TO SATURDAY,,
11-06-2017,NO TRANSACTIONS DUE TO SUNDAY,,
12-06-2017,1500,10400,4300
13-06-2017,1500,8000,3900
14-06-2017,1500,8000,3800
15-06-2017,1500,7800,3900
16-06-2017,1500,8000,3900
17-06-2017,NO TRANSACTIONS DUE TO SATURDAY,,
18-06-2017,NO TRANSACTIONS DUE TO SUNDAY,,
19-06-2017,1500,7900,3900
20-06-2017,1500,7800,4000
21-06-2017,1500,8600,4000
22-06-2017,1500,7800,3900
23-06-2017,1500,7700,3900
24-06-2017,NO TRANSACTIONS DUE TO SATURDAY,,
25-06-2017,NO TRANSACTIONS DUE TO SUNDAY,,
26-06-2017,NO TRANSACTIONS DUE TO RAMZAN,,
27-06-2017,1500,8700,3900
28-06-2017,1000,7700,3900
29-06-2017,1500,7700,3900
01-07-2017,NO TRANSACTIONS DUE TO SATURDAY,,
02-07-2017,NO TRANSACTIONS DUE TO SUNDAY,,
03-07-2017,6100,7500,6100
04-07-2017,6200,7500,7300
05-07-2017,NO TRANSACTIONS ,,
06-07-2017,7100,7300,7200
07-07-2017,7000,7000,7000
08-07-2017,NO TRANSACTIONS DUE TO SATURDAY,,
09-07-2017,NO TRANSACTIONS DUE TO SUNDAY,,
10-07-2017,6700,8500,7200
11-07-2017,6200,7300,6900
12-07-2017,7200,7500,7300
13-07-2017,1500,7700,6800
14-07-2017,1900,7700,6800
15-07-2017,NO TRANSACTIONS DUE TO SATURDAY,,
16-07-2017,NO TRANSACTIONS DUE TO SUNDAY,,
17-07-2017,1800,7700,6700
18-07-2017,2000,9400,6500
19-07-2017,1500,7700,6500
20-07-2017,1500,10000,6400
21-07-2017,1600,7800,6600
22-07-2017,NO TRANSACTIONS DUE TO SATURDAY,,
23-07-2017,NO TRANSACTIONS DUE TO SUNDAY,,
24-07-2017,1500,7800,6600
25-07-2017,1800,10400,6700
26-07-2017,1500,8000,6700
27-07-2017,2000,8000,6700
28-07-2017,2500,10600,6800
29-07-2017,NO TRANSACTIONS DUE TO SATURDAY,,
30-07-2017,NO TRANSACTIONS DUE TO SUNDAY,,
31-07-2017,2000,8200,6400
01-08-2017,1500,10600,7300
02-08-2017,2500,10500,7200
03-08-2017,1500,11000,7200
04-08-2017,1800,10800,6800
05-08-2017,NO TRANSACTIONS DUE TO SATURDAY,,
06-08-2017,NO TRANSACTIONS DUE TO SUNDAY,,
07-08-2017,2500,10300,7200
08-08-2017,2000,10800,7000
09-08-2017,2600,11300,7000
10-08-2017,2000,11700,7200
11-08-2017,3000,11000,7300
12-08-2017,NO TRANSACTIONS DUE TO SATURDAY,,
13-08-2017,NO TRANSACTIONS DUE TO SUNDAY,,
14-08-2017,NO TRANSACTIONS DUE TO KRISHNASTAMI,,
15-08-2017,NO TRANSACTIONS DUE TO INDIPENDENCEDAY,,
16-08-2017,2800,11000,7300
17-08-2017,2600,11700,7300
18-08-2017,2300,11000,7200
19-08-2017,NO TRANSACTIONS DUE TO SATURDAY,,
20-08-2017,NO TRANSACTIONS DUE TO SUNDAY,,
21-08-2017,3000,11200,7300
22-08-2017,3000,10000,7300
23-08-2017,2700,11000,7300
24-08-2017,3000,10900,7400
25-08-2017,NO TRANSACTIONS DUE TO VINAYAKACHAVITI,,
26-08-2017,NO TRANSACTIONS DUE TO SATURDAY,,
27-08-2017,NO TRANSACTIONS DUE TO SUNDAY,,
28-08-2017,2000,11300,7500
29-08-2017,2200,10200,7500
30-08-2017,3000,11500,7400
31-08-2017,3000,8500,7600
01-09-2017,4000,5500,5000
02-09-2017,NO TRANSACTIONS DUE TO SATURDAY,,
03-09-2017,NO TRANSACTIONS DUE TO SUNDAY,,
04-09-2017,Nil,Nil,Nil
05-09-2017,Nil,Nil,Nil
06-09-2017,Nil,Nil,Nil
07-09-2017,Nil,Nil,Nil
08-09-2017,Nil,Nil,Nil
09-09-2017,NO TRANSACTIONS DUE TO SATURDAY,,
10-09-2017,NO TRANSACTIONS DUE TO SUNDAY,,
11-09-2017,Nil,Nil,Nil
12-09-2017,Nil,Nil,Nil
13-09-2017,Nil,Nil,Nil
14-09-2017,Nil,Nil,Nil
15-09-2017,Nil,Nil,Nil
16-09-2017,NO TRANSACTIONS DUE TO SATURDAY,,
17-09-2017,NO TRANSACTIONS DUE TO SUNDAY,,
18-09-2017,Nil,Nil,Nil
19-09-2017,Nil,Nil,Nil
20-09-2017,Nil,Nil,Nil
21-09-2017,Nil,Nil,Nil
22-09-2017,Nil,Nil,Nil
23-09-2017,NO TRANSACTIONS DUE TO SATURDAY,,
24-09-2017,NO TRANSACTIONS DUE TO SUNDAY,,
25-09-2017,Nil,Nil,Nil
26-09-2017,Nil,Nil,Nil
27-09-2017,Nil,Nil,Nil
28-09-2017,Nil,Nil,Nil
29-09-2017,Nil,Nil,Nil
30-09-2017,NO TRANSACTIONS DUE TO SATURDAY,,
01-01-2018,3700,10000,8300
02-01-2018,2800,12000,9000
03-01-2018,3000,10000,9000
04-01-2018,3500,10800,8300
05-01-2018,3000,11200,8000
06-01-2018,NO TRANSACTIONS DUE TO SATURDAY,,
07-01-2018,NO TRANSACTIONS DUE TO SUNDAY,,
08-01-2018,3300,10000,8500
09-01-2018,2300,11500,8500
10-01-2018,3000,11500,8500
11-01-2018,3000,10200,8600
12-01-2018,2500,10500,8500
13-01-2018,NO TRANSACTIONS DUE TO SATURDAY,,
14-01-2018,NO TRANSACTIONS DUE TO SUNDAY,,
15-01-2018,NO TRANSACTIONS DUE TOPONGAL,,
16-01-2018,NO TRANSACTIONS DUE TO KANUMA,,
17-01-2018,2500,10000,8800
18-01-2018,2300,10200,9000
19-01-2018,3300,11000,9000
20-01-2018,NO TRANSACTIONS DUE TO SATURDAY,,
21-01-2018,NO TRANSACTIONS DUE TO SUNDAY,,
22-01-2018,2900,12600,9800
23-01-2018,3500,13200,10500
24-01-2018,4300,14000,10800
25-01-2018,3500,15000,10800
26-01-2018,NO TRANSACTIONS DUE TO REPUBLICDAY,,
27-01-2018,NO TRANSACTIONS DUE TO SATURDAY,,
28-01-2018,NO TRANSACTIONS DUE TO SUNDAY,,
29-01-2018,2000,11500,10500
30-01-2018,3500,12000,10300
31-01-2018,2500,11500,10300
01-02-2018,3800,11000,8600
02-02-2018,3500,12100,8500
03-02-2018,NO TRANSACTIONS DUE TO SATURDAY,,
04-02-2018,NO TRANSACTIONS DUE TO SUNDAY,,
05-02-2018,3000,11000,9000
06-02-2018,3200,11500,9000
07-02-2018,3000,10000,9000
08-02-2018,2800,11500,9000
09-02-2018,2800,12500,9000
10-02-2018,NO TRANSACTIONS DUE TO SATURDAY,,
11-02-2018,NO TRANSACTIONS DUE TO SUNDAY,,
12-02-2018,3100,10600,9000
13-02-2018,3500,10300,8800
14-02-2018,4000,11700,9000
15-02-2018,3000,12100,9000
16-02-2018,4300,11500,9000
17-02-2018,NO TRANSACTIONS DUE TO SATURDAY,,
18-02-2018,NO TRANSACTIONS DUE TO SUNDAY,,
19-02-2018,3200,13300,9500
20-02-2018,3600,12300,9500
21-02-2018,3800,12400,9800
22-02-2018,3500,11800,9500
23-02-2018,2700,11800,9500
24-02-2018,NO TRANSACTIONS DUE TO SATURDAY,,
25-02-2018,NO TRANSACTIONS DUE TO SUNDAY,,
26-02-2018,2800,12800,8500
27-02-2018,3500,10500,8800
28-02-2018,3500,11500,9000
01-03-2018,3800,11000,8600
02-03-2018,3500,12100,8500
03-03-2018,NO TRANSACTIONS DUE TO SATURDAY,,
04-03-2018,NO TRANSACTIONS DUE TO SUNDAY,,
05-03-2018,3000,11000,9000
06-03-2018,3200,11500,9000
07-03-2018,3000,10000,9000
08-03-2018,2800,11500,9000
09-03-2018,2800,12500,9000
10-03-2018,NO TRANSACTIONS DUE TO SATURDAY,,
11-03-2018,NO TRANSACTIONS DUE TO SUNDAY,,
12-03-2018,3100,10600,9000
13-03-2018,3500,10300,8800
14-03-2018,4000,11700,9000
15-03-2018,3000,12100,9000
16-03-2018,4300,11500,9000
17-03-2018,NO TRANSACTIONS DUE TO SATURDAY,,
18-03-2018,NO TRANSACTIONS DUE TO SUNDAY,,
19-03-2018,3200,13300,9500
20-03-2018,3600,12300,9500
21-03-2018,3800,12400,9800
22-03-2018,3500,11800,9500
23-03-2018,2700,11800,9500
24-03-2018,NO TRANSACTIONS DUE TO SATURDAY,,
25-03-2018,NO TRANSACTIONS DUE TO SUNDAY,,
26-03-2018,NO TRANSACTIONS DUE TO SRIRAMANAVAMI,,
27-03-2018,3000,14000,9000
28-03-2018,3600,12500,9000
29-03-2018,3600,11300,8800
30-03-2018,NO TRANSACTIONS DUE TO GOOD FRIDAY,,
31-03-2018,NO TRANSACTIONS DUE TO SATURDAY,,
01-04-2018,NO TRANSACTIONS DUE TO SUNDAY,,
02-04-2018,3200,11500,9000
03-04-2018,3500,13600,9000
04-04-2018,2000,10000,9000
05-04-2018,'NO TRANSACTIONS DUE TO BABUJAGJEEVANRAM JAYANHI,,
06-04-2018,'NO TRANSACTIONS DUE TO SERVER DOWN REPORTS NOT OPEND,,
07-04-2018,3500,12500,8500
08-04-2018,NO TRANSACTIONS DUE TO SUNDAY,,
09-04-2018,3000,12300,8500
10-04-2018,3000,10000,8500
11-04-2018,3000,12100,9000
12-04-2018,2900,10800,8000
13-04-2018,2800,11200,8000
14-04-2018,NO TRANSACTIONS DUE TO SATURDAY,,
15-04-2018,NO TRANSACTIONS DUE TO SUNDAY,,
16-04-2018,3500,11000,7000
17-04-2018,3000,12000,7000
18-04-2018,3000,9800,7500
19-04-2018,3400,11200,7000
20-04-2018,2500,11500,8500
21-04-2018,NO TRANSACTIONS DUE TO SATURDAY,,
22-04-2018,NO TRANSACTIONS DUE TO SUNDAY,,
23-04-2018,2500,9500,7000
24-04-2018,2500,12000,6500
25-04-2018,3000,11500,7000
26-04-2018,2800,11300,7000
27-04-2018,4000,11000,7000
28-04-2018,NO TRANSACTIONS DUE TO SATURDAY,,
29-04-2018,NO TRANSACTIONS DUE TO SUNDAY,,
30-04-2018,,,
01-05-2018,'NO TRANSACTIONS DUE TO MAYDAY,,
02-05-2018,2800,11400,7000
03-05-2018,3000,11000,7000
04-05-2018,3600,11400,6800
05-05-2018,NO TRANSACTIONS DUE TO SATURDAY,,
06-04-2018,NO TRANSACTIONS DUE TO SUNDAY,,
07-05-2018,2800,12200,7000
08-05-2018,2500,12400,7000
09-05-2018,2800,11500,7000
10-05-2018,1000,11500,7000
11-05-2018,2700,10500,7000
12-05-2018,,,No transaction due to holidays
13-05-2018,,,No transaction due to holidays
14-05-2018,,,No transaction due to holidays
15-05-2018,,,No transaction due to holidays
16-05-2018,,,No transaction due to holidays
17-05-2018,,,No transaction due to holidays
18-05-2018,,,No transaction due to holidays
19-05-2018,,,No transaction due to holidays
20-05-2018,,,No transaction due to holidays
21-05-2018,,,No transaction due to holidays
22-05-2018,,,No transaction due to holidays
23-05-2018,,,No transaction due to holidays
24-05-2018,,,No transaction due to holidays
25-05-2018,,,No transaction due to holidays
26-05-2018,,,No transaction due to holidays
27-05-2018,,,No transaction due to holidays
28-05-2018,,,No transaction due to holidays
29-05-2018,,,No transaction due to holidays
30-05-2018,,,No transaction due to holidays
31-05-2018,,,No transaction due to holidays
01-06-2018,,,No transaction due to holidays
02-06-2018,,,No transaction due to holidays
03-06-2018,,,No transaction due to holidays
04-06-2018,,,No transaction due to holidays
05-06-2018,,,No transaction due to holidays
06-06-2018,,,No transaction due to holidays
07-06-2018,,,No transaction due to holidays
08-06-2018,,,No transaction due to holidays
09-06-2018,,,No transaction due to holidays
10-06-2018,,,No transaction due to holidays
11-06-2018,2700,10500,9800
12-06-2018,2400,10800,10600
13-06-2018,3000,10700,9800
14-06-2018,4000,12300,10300
15-06-2018,3000,13000,10200
16-06-2018,NO TRANSACTIONS DUE TO SATURDAY,,
17-06-2018,NO TRANSACTIONS DUE TO SUNDAY,,
18-06-2018,3500,10700,10400
19-06-2018,3500,13700,10300
20-06-2018,3400,10900,10600
21-06-2018,4000,12500,10700
22-06-2018,4000,10800,10600
23-06-2018,NO TRANSACTIONS DUE TO SATURDAY,,
24-06-2018,NO TRANSACTIONS DUE TO SUNDAY,,
25-06-2018,3500,12500,10500
26-06-2018,3300,11000,10500
27-06-2018,4300,10900,10300
28-06-2018,3700,12800,10300
29-06-2018,4000,10800,8500
30-06-2018,,,
01-07-2018,NO TRANSACTIONS DUE TO SATURDAY,,
02-07-2018,3500,13600,10500
03-07-2018,6400,11000,10600
04-07-2018,4400,10600,10500
05-07-2018,8200,10600,10600
06-07-2018,3600,13200,10600
07-07-2018,NO TRANSACTIONS DUE TO SATURDAY,,
08-07-2018,NO TRANSACTIONS DUE TO SUNDAY,,
09-07-2018,3100,13000,10500
10-07-2018,4200,13200,10300
11-07-2018,3600,11500,10600
12-07-2018,3700,12000,10300
13-07-2018,5000,10800,10300
14-07-2018,NO TRANSACTIONS DUE TO SATURDAY,,
15-07-2018,NO TRANSACTIONS DUE TO SUNDAY,,
16-07-2018,4300,11000,10300
17-07-2018,3500,11500,10600
18-07-2018,3500,10800,10000
19-07-2018,5200,13600,9300
20-07-2018,3500,10800,10000
21-07-2018,NO TRANSACTIONS DUE TO SATURDAY,,
22-07-2018,NO TRANSACTIONS DUE TO SUNDAY,,
23-07-2018,3600,12800,10300
24-07-2018,5500,10600,10100
25-07-2018,4200,10600,10400
26-07-2018,3500,13000,10000
27-07-2018,4100,12300,10700
28-07-2018,NO TRANSACTIONS DUE TO SATURDAY,,
29-07-2018,NO TRANSACTIONS DUE TO SUNDAY,,
30-07-2018,3000,12000,10600
31-07-2018,3500,12800,10200
01-08-2018,2600,11000,9000
02-08-2018,4200,11800,9000
03-08-2018,3200,13300,9500
04-08-2018,NO TRANSACTIONS DUE TO SATURDAY,,
05-08-2018,NO TRANSACTIONS DUE TO SUNDAY,,
06-08-2018,3800,13500,9600
07-08-2018,3200,10800,10200
08-08-2018,3400,10800,10200
09-08-2018,3600,12500,10400
10-08-2018,4800,10500,9000
11-08-2018,NO TRANSACTIONS DUE TO SATURDAY,,
12-08-2018,NO TRANSACTIONS DUE TO SUNDAY,,
13-08-2018,3200,11000,10200
14-08-2018,3200,10800,10100
15-08-2018,NO TRANSACTIONS DUE TO AUGUST 15th,,
16-08-2018,2400,10600,9500
17-08-2018,4500,10600,9300
18-08-2018,NO TRANSACTIONS DUE TO SATURDAY,,
19-08-2018,NO TRANSACTIONS DUE TO SUNDAY,,
20-08-2018,3000,13100,9000
21-08-2018,3800,11500,9500
22-08-2018,NO TRANSACTIONS DUE TO BAKRID,,
23-08-2018,4000,11500,9800
24-08-2018,3600,13100,9500
25-08-2018,NO TRANSACTIONS DUE TO SATURDAY,,
26-08-2018,NO TRANSACTIONS DUE TO SUNDAY,,
27-08-2018,3400,10400,9800
28-08-2018,3800,11500,9600
29-08-2018,3000,13300,10000
30-08-2018,4000,13000,10000
31-08-2018,5000,13000,10000
01-09-2018,NO TRANSACTIONS DUE TO SATURDAY,,
02-09-2018,NO TRANSACTIONS DUE TO SUNDAY,,
03-09-2018,NO TRANSACTIONS DUE TO KRISHNASTAMI,,
04-09-2018,3800,13000,10200
05-09-2018,4000,11200,10000
06-09-2018,3200,12200,9300
07-09-2018,3800,10600,9500
08-09-2018,NO TRANSACTIONS DUE TO SATURDAY,,
09-09-2018,NO TRANSACTIONS DUE TO SUNDAY,,
10-09-2018,3000,13000,10200
11-09-2018,3300,12600,10200
12-09-2018,3000,10700,9500
13-09-2018,'NO TRANSACTIONS DUE TO VINAYAKACHAVITI,,
14-09-2018,2000,12500,10500
15-09-2018,NO TRANSACTIONS DUE TO SATURDAY,,
16-09-2018,NO TRANSACTIONS DUE TO SUNDAY,,
17-09-2018,3000,11000,10400
18-09-2018,3300,12200,10400
19-09-2018,1300,10800,10200
20-09-2018,3700,13600,10400
21-09-2018,NO TRANSACTIONS DUE TO MOHARAM,,
22-09-2018,NO TRANSACTIONS DUE TO SATURDAY,,
23-09-2018,NO TRANSACTIONS DUE TO SUNDAY,,
24-09-2018,3000,12000,10200
25-09-2018,4000,14000,10400
26-09-2018,2000,12000,10500
27-09-2018,4600,12000,10400
28-09-2018,3500,10900,10300
29-09-2018,NO TRANSACTIONS DUE TO MOHARAM,,
30-09-2018,NO TRANSACTIONS DUE TO SATURDAY,,
01-10-2018,4200,12500,10500
02-10-2018,NO TRANSACTIONS DUE TO GANDI JAYANTHI,,
03-10-2018,3400,14000,10000
04-10-2018,3500,10900,10200
05-10-2018,4000,11800,10200
06-10-2018,NO TRANSACTIONS DUE TO SATURDAY,,
07-10-2018,NO TRANSACTIONS DUE TO SUNDAY,,
08-10-2018,3300,13200,10500
09-10-2018,3600,13200,10500
10-10-2018,3000,10900,9800
11-10-2018,4500,10700,10600
12-10-2018,3000,14100,10600
13-10-2018,NO TRANSACTIONS DUE TO SATURDAY,,
14-10-2018,NO TRANSACTIONS DUE TO SUNDAY,,
15-10-2018,4100,12000,10000
16-10-2018,3600,13400,9500
17-10-2018,NO TRANSACTIONS DUE TO DURGASTAMI,,
18-10-2018,NO TRANSACTIONS DUE TO VIJAYADASAMI,,
19-10-2018,NO TRANSACTIONS ,,
20-10-2018,NO TRANSACTIONS DUE TO SATURDAY,,
21-10-2018,NO TRANSACTIONS DUE TO SUNDAY,,
22-10-2018,3300,13000,10500
23-10-2018,3700,11000,10000
24-10-2018,3000,13800,9200
25-10-2018,3500,11000,10700
26-10-2018,3300,11100,10400
27-10-2018,NO TRANSACTIONS DUE TO SATURDAY,,
28-10-2018,NO TRANSACTIONS DUE TO SUNDAY,,
29-10-2018,3000,14500,10400
30-10-2018,3000,12500,11000
31-10-2018,2000,12000,10500
01-11-2018,3300,14800,10700
02-11-2018,3700,12500,11600
03-11-2018,NO TRANSACTIONS DUE TO SATURDAY,,
04-11-2018,NO TRANSACTIONS DUE TO SUNDAY,,
05-11-2018,3200,13000,11500
06-11-2018,4000,13000,11500
07-11-2018,NO TRANSACTIONS DUE TO DIWALI,,
08-11-2018,4200,15000,11500
09-11-2018,4500,14500,11600
10-11-2018,NO TRANSACTIONS DUE TO SATURDAY,,
11-11-2018,NO TRANSACTIONS DUE TO SUNDAY,,
12-11-2018,3200,12100,11600
13-11-2018,3400,14100,11500
14-11-2018,3900,12200,11500
15-11-2018,3200,14000,10000
16-11-2018,4700,14500,11500
17-11-2018,NO TRANSACTIONS DUE TO SATURDAY,,
18-11-2018,NO TRANSACTIONS DUE TO SUNDAY,,
19-11-2018,2500,14800,11000
20-11-2018,3300,13500,11500
21-11-2018,NO TRANSACTIONS DUE TO MILADULNABI,,
22-11-2018,3000,15200,10500
23-11-2018,3700,13000,8500
24-11-2018,NO TRANSACTIONS DUE TO SATURDAY,,
25-11-2018,NO TRANSACTIONS DUE TO SUNDAY,,
26-11-2018,4000,13800,11000
27-11-2018,3300,14500,9800
28-11-2018,3600,13400,10400
29-11-2018,4500,14000,10900
30-11-2018,4300,13500,10800
01-12-2018,NO TRANSACTIONS DUE TO SATURDAY,,
02-12-2018,NO TRANSACTIONS DUE TO SUNDAY,,
03-12-2018,3000,15300,8500
04-12-2018,4300,13000,10000
05-12-2018,3800,11500,9100
06-12-2018,4500,14000,10600
07-12-2018,4000,13000,7600
08-12-2018,NO TRANSACTIONS DUE TO SATURDAY,,
09-12-2018,NO TRANSACTIONS DUE TO SUNDAY,,
10-12-2018,4000,13600,10800
11-12-2018,3300,13500,9500
12-12-2018,4500,11000,9500
13-12-2018,4000,13500,10600
14-12-2018,4000,12500,10000
15-12-2018,NO TRANSACTIONS DUE TO SATURDAY,,
16-12-2018,NO TRANSACTIONS DUE TO SUNDAY,,
17-12-2018,3100,12500,10000
18-12-2018,2000,11000,9000
19-12-2018,3000,14300,10800
20-12-2018,1800,13300,9000
21-12-2018,4000,13600,8700
22-12-2018,NO TRANSACTIONS DUE TO SATURDAY,,
23-12-2018,NO TRANSACTIONS DUE TO SUNDAY,,
24-12-2018,3000,13000,8800
25-12-2018,NO TRANSACTIONS DUE TO X-MAS,,
26-12-2018,3000,14000,8500
27-12-2018,3300,12000,8500
28-12-2018,3200,10500,8600
29-12-2018,NO TRANSACTIONS DUE TO SATURDAY,,
30-12-2018,NO TRANSACTIONS DUE TO SUNDAY,,
31-12-2018,2800,10500,8500
